<?xml version="1.0" encoding="UTF-8"?>
<message version="6.1">
 <name>850INS</name>
 <kind>11</kind>
 <description>
  <standardTitle>Inbound 850 to Baan</standardTitle>
  <standardText>Inbound 850 to Baan (Single File)</standardText>
 </description>
 <record>
  <name>ENV</name>
  <min>1</min>
  <max>-1</max>
  <option>1</option>
  <field>
   <name>KEY</name>
   <description>
    <standardTitle>Envelope</standardTitle>
   </description>
   <min>1</min>
   <max>1</max>
   <regularExpression/>
   <type>12</type>
   <minLength>3</minLength>
   <maxLength>3</maxLength>
   <option>1</option>
   <isQualifier>0</isQualifier>
   <value>ENV</value>
  </field>
  <field>
   <name>MESSAGE_REFERENCE</name>
   <description>
    <standardTitle>tcedi702.bano</standardTitle>
   </description>
   <min>0</min>
   <max>1</max>
   <regularExpression/>
   <type>5</type>
   <minLength>0</minLength>
   <maxLength>-1</maxLength>
   <option>0</option>
   <isQualifier>0</isQualifier>
  </field>
  <field>
   <name>RELATION</name>
   <description>
    <standardTitle>tcedi702.reno</standardTitle>
   </description>
   <min>0</min>
   <max>1</max>
   <regularExpression/>
   <type>5</type>
   <minLength>0</minLength>
   <maxLength>-1</maxLength>
   <option>0</option>
   <isQualifier>0</isQualifier>
  </field>
  <field>
   <name>ORDER_REFERENCE</name>
   <description>
    <standardTitle>tcedi702.msno</standardTitle>
   </description>
   <min>0</min>
   <max>1</max>
   <regularExpression/>
   <type>5</type>
   <minLength>0</minLength>
   <maxLength>-1</maxLength>
   <option>0</option>
   <isQualifier>0</isQualifier>
  </field>
  <field>
   <name>UNUSED_FIELD</name>
   <description>
    <standardTitle>unused field</standardTitle>
   </description>
   <min>0</min>
   <max>1</max>
   <regularExpression/>
   <type>5</type>
   <minLength>0</minLength>
   <maxLength>-1</maxLength>
   <option>0</option>
   <isQualifier>0</isQualifier>
  </field>
  <field>
   <name>ORGANIZATION</name>
   <description>
    <standardTitle>tcedi702.orga</standardTitle>
   </description>
   <min>0</min>
   <max>1</max>
   <regularExpression/>
   <type>5</type>
   <minLength>0</minLength>
   <maxLength>-1</maxLength>
   <option>0</option>
   <isQualifier>0</isQualifier>
  </field>
  <field>
   <name>EDI_MESSAGE</name>
   <description>
    <standardTitle>tcedi702.mess</standardTitle>
   </description>
   <min>0</min>
   <max>1</max>
   <regularExpression/>
   <type>5</type>
   <minLength>0</minLength>
   <maxLength>-1</maxLength>
   <option>0</option>
   <isQualifier>0</isQualifier>
   <value>X12</value>
  </field>
  <field>
   <name>ORDER_TYPE</name>
   <description>
    <standardTitle>tcedi702.koor</standardTitle>
   </description>
   <min>0</min>
   <max>1</max>
   <regularExpression/>
   <type>5</type>
   <minLength>0</minLength>
   <maxLength>-1</maxLength>
   <option>0</option>
   <isQualifier>0</isQualifier>
  </field>
  <field>
   <name>TEST_MESSAGE</name>
   <description>
    <standardTitle>tcedi702.test</standardTitle>
   </description>
   <min>0</min>
   <max>1</max>
   <regularExpression/>
   <type>5</type>
   <minLength>0</minLength>
   <maxLength>-1</maxLength>
   <option>0</option>
   <isQualifier>0</isQualifier>
  </field>
  <field>
   <name>DATE_SENT</name>
   <description>
    <standardTitle>tcedi702.send</standardTitle>
   </description>
   <min>0</min>
   <max>1</max>
   <regularExpression/>
   <type>5</type>
   <minLength>0</minLength>
   <maxLength>-1</maxLength>
   <option>0</option>
   <isQualifier>0</isQualifier>
  </field>
  <field>
   <name>TIME_SENT</name>
   <description>
    <standardTitle>tcedi702.sent</standardTitle>
   </description>
   <min>0</min>
   <max>1</max>
   <regularExpression/>
   <type>5</type>
   <minLength>0</minLength>
   <maxLength>-1</maxLength>
   <option>0</option>
   <isQualifier>0</isQualifier>
  </field>
  <record>
   <name>HDR</name>
   <description>
    <standardTitle>Order Header</standardTitle>
   </description>
   <min>1</min>
   <max>1</max>
   <option>1</option>
   <field>
    <name>KEY</name>
    <description>
     <standardTitle>Order Header</standardTitle>
    </description>
    <min>1</min>
    <max>1</max>
    <regularExpression/>
    <type>12</type>
    <minLength>3</minLength>
    <maxLength>3</maxLength>
    <option>1</option>
    <isQualifier>0</isQualifier>
    <value>HDR</value>
   </field>
   <field>
    <name>MESSAGE_REFERENCE</name>
    <description>
     <standardTitle>tcedi702.bano</standardTitle>
    </description>
    <min>0</min>
    <max>1</max>
    <regularExpression/>
    <type>5</type>
    <minLength>0</minLength>
    <maxLength>-1</maxLength>
    <option>0</option>
    <isQualifier>0</isQualifier>
   </field>
   <field>
    <name>CUSTOMER</name>
    <description>
     <standardTitle>tdsls040.cuno</standardTitle>
    </description>
    <min>0</min>
    <max>1</max>
    <regularExpression/>
    <type>5</type>
    <minLength>0</minLength>
    <maxLength>-1</maxLength>
    <option>0</option>
    <isQualifier>0</isQualifier>
   </field>
   <field>
    <name>CUSTOMER_PURCHASE_ORDER</name>
    <description>
     <standardTitle>tdsls040.eono</standardTitle>
    </description>
    <min>0</min>
    <max>1</max>
    <regularExpression/>
    <type>5</type>
    <minLength>0</minLength>
    <maxLength>-1</maxLength>
    <option>0</option>
    <isQualifier>0</isQualifier>
   </field>
   <field>
    <name>ORDER_DATE</name>
    <description>
     <standardTitle>tdsls040.odat</standardTitle>
    </description>
    <min>0</min>
    <max>1</max>
    <regularExpression/>
    <type>5</type>
    <minLength>0</minLength>
    <maxLength>-1</maxLength>
    <option>0</option>
    <isQualifier>0</isQualifier>
   </field>
   <field>
    <name>PLAN_DELIVERY_DATE</name>
    <description>
     <standardTitle>tdsls040.ddat</standardTitle>
    </description>
    <min>0</min>
    <max>1</max>
    <regularExpression/>
    <type>5</type>
    <minLength>0</minLength>
    <maxLength>-1</maxLength>
    <option>0</option>
    <isQualifier>0</isQualifier>
   </field>
   <field>
    <name>PLAN_RECEIPT_DATE</name>
    <description>
     <standardTitle>tdsls040.prdt</standardTitle>
    </description>
    <min>0</min>
    <max>1</max>
    <regularExpression/>
    <type>5</type>
    <minLength>0</minLength>
    <maxLength>-1</maxLength>
    <option>0</option>
    <isQualifier>0</isQualifier>
   </field>
   <field>
    <name>REFERENCE_A</name>
    <description>
     <standardTitle>tdsls040.refa</standardTitle>
    </description>
    <min>0</min>
    <max>1</max>
    <regularExpression/>
    <type>5</type>
    <minLength>0</minLength>
    <maxLength>-1</maxLength>
    <option>0</option>
    <isQualifier>0</isQualifier>
   </field>
   <field>
    <name>REFERENCE_B</name>
    <description>
     <standardTitle>tdsls040.refb</standardTitle>
    </description>
    <min>0</min>
    <max>1</max>
    <regularExpression/>
    <type>5</type>
    <minLength>0</minLength>
    <maxLength>-1</maxLength>
    <option>0</option>
    <isQualifier>0</isQualifier>
   </field>
   <field>
    <name>UNUSED_FIELD</name>
    <description>
     <standardTitle>unused field</standardTitle>
    </description>
    <min>0</min>
    <max>1</max>
    <regularExpression/>
    <type>5</type>
    <minLength>0</minLength>
    <maxLength>-1</maxLength>
    <option>0</option>
    <isQualifier>0</isQualifier>
   </field>
   <field>
    <name>CONTRACT</name>
    <description>
     <standardTitle>tdsls040.prno</standardTitle>
    </description>
    <min>0</min>
    <max>1</max>
    <regularExpression/>
    <type>5</type>
    <minLength>0</minLength>
    <maxLength>-1</maxLength>
    <option>0</option>
    <isQualifier>0</isQualifier>
   </field>
   <field>
    <name>TERMS_OF_DELIVERY</name>
    <description>
     <standardTitle>tdsls040.cdec</standardTitle>
    </description>
    <min>0</min>
    <max>1</max>
    <regularExpression/>
    <type>5</type>
    <minLength>0</minLength>
    <maxLength>-1</maxLength>
    <option>0</option>
    <isQualifier>0</isQualifier>
   </field>
   <field>
    <name>UNUSED_FIELD</name>
    <description>
     <standardTitle>unused field</standardTitle>
    </description>
    <min>0</min>
    <max>1</max>
    <regularExpression/>
    <type>5</type>
    <minLength>0</minLength>
    <maxLength>-1</maxLength>
    <option>0</option>
    <isQualifier>0</isQualifier>
    <number>2</number>
   </field>
   <field>
    <name>FORWARDING_AGENT</name>
    <description>
     <standardTitle>tdsls040.cfrw</standardTitle>
    </description>
    <min>0</min>
    <max>1</max>
    <regularExpression/>
    <type>5</type>
    <minLength>0</minLength>
    <maxLength>-1</maxLength>
    <option>0</option>
    <isQualifier>0</isQualifier>
   </field>
   <field>
    <name>UNUSED_FIELD</name>
    <description>
     <standardTitle>unused field</standardTitle>
    </description>
    <min>0</min>
    <max>1</max>
    <regularExpression/>
    <type>5</type>
    <minLength>0</minLength>
    <maxLength>-1</maxLength>
    <option>0</option>
    <isQualifier>0</isQualifier>
    <number>3</number>
   </field>
   <field>
    <name>LATE_PAYMENT_SURCHARGE</name>
    <description>
     <standardTitle>tdsls040.ccrs</standardTitle>
    </description>
    <min>0</min>
    <max>1</max>
    <regularExpression/>
    <type>5</type>
    <minLength>0</minLength>
    <maxLength>-1</maxLength>
    <option>0</option>
    <isQualifier>0</isQualifier>
   </field>
   <field>
    <name>UNUSED_FIELD</name>
    <description>
     <standardTitle>unused field</standardTitle>
    </description>
    <min>0</min>
    <max>1</max>
    <regularExpression/>
    <type>5</type>
    <minLength>0</minLength>
    <maxLength>-1</maxLength>
    <option>0</option>
    <isQualifier>0</isQualifier>
    <number>4</number>
   </field>
   <field>
    <name>TERMS_OF_PAYMENT</name>
    <description>
     <standardTitle>tdsls040.cpay</standardTitle>
    </description>
    <min>0</min>
    <max>1</max>
    <regularExpression/>
    <type>5</type>
    <minLength>0</minLength>
    <maxLength>-1</maxLength>
    <option>0</option>
    <isQualifier>0</isQualifier>
   </field>
   <field>
    <name>UNUSED_FIELD</name>
    <description>
     <standardTitle>unused field</standardTitle>
    </description>
    <min>0</min>
    <max>1</max>
    <regularExpression/>
    <type>5</type>
    <minLength>0</minLength>
    <maxLength>-1</maxLength>
    <option>0</option>
    <isQualifier>0</isQualifier>
    <number>5</number>
   </field>
   <field>
    <name>UNUSED_FIELD</name>
    <description>
     <standardTitle>unused field</standardTitle>
    </description>
    <min>0</min>
    <max>1</max>
    <regularExpression/>
    <type>5</type>
    <minLength>0</minLength>
    <maxLength>-1</maxLength>
    <option>0</option>
    <isQualifier>0</isQualifier>
    <number>6</number>
   </field>
   <field>
    <name>UNUSED_FIELD</name>
    <description>
     <standardTitle>unused field</standardTitle>
    </description>
    <min>0</min>
    <max>1</max>
    <regularExpression/>
    <type>5</type>
    <minLength>0</minLength>
    <maxLength>-1</maxLength>
    <option>0</option>
    <isQualifier>0</isQualifier>
    <number>7</number>
   </field>
   <field>
    <name>UNUSED_FIELD</name>
    <description>
     <standardTitle>unused field</standardTitle>
    </description>
    <min>0</min>
    <max>1</max>
    <regularExpression/>
    <type>5</type>
    <minLength>0</minLength>
    <maxLength>-1</maxLength>
    <option>0</option>
    <isQualifier>0</isQualifier>
    <number>8</number>
   </field>
   <field>
    <name>CURRENCY</name>
    <description>
     <standardTitle>tdsls040.ccur</standardTitle>
    </description>
    <min>0</min>
    <max>1</max>
    <regularExpression/>
    <type>5</type>
    <minLength>0</minLength>
    <maxLength>-1</maxLength>
    <option>0</option>
    <isQualifier>0</isQualifier>
   </field>
   <field>
    <name>COUNTRY</name>
    <description>
     <standardTitle>tdsls040.ccty</standardTitle>
    </description>
    <min>0</min>
    <max>1</max>
    <regularExpression/>
    <type>5</type>
    <minLength>0</minLength>
    <maxLength>-1</maxLength>
    <option>0</option>
    <isQualifier>0</isQualifier>
   </field>
   <field>
    <name>LANGUAGE</name>
    <description>
     <standardTitle>tdsls040.clan</standardTitle>
    </description>
    <min>0</min>
    <max>1</max>
    <regularExpression/>
    <type>5</type>
    <minLength>0</minLength>
    <maxLength>-1</maxLength>
    <option>0</option>
    <isQualifier>0</isQualifier>
   </field>
   <field>
    <name>SALES_PRICE_LIST</name>
    <description>
     <standardTitle>tdsls040.cpls</standardTitle>
    </description>
    <min>0</min>
    <max>1</max>
    <regularExpression/>
    <type>5</type>
    <minLength>0</minLength>
    <maxLength>-1</maxLength>
    <option>0</option>
    <isQualifier>0</isQualifier>
   </field>
   <field>
    <name>AREA</name>
    <description>
     <standardTitle>tdsls040.creg</standardTitle>
    </description>
    <min>0</min>
    <max>1</max>
    <regularExpression/>
    <type>5</type>
    <minLength>0</minLength>
    <maxLength>-1</maxLength>
    <option>0</option>
    <isQualifier>0</isQualifier>
   </field>
   <field>
    <name>LINE_OF_BUSINESS</name>
    <description>
     <standardTitle>tdsls040.cbrn</standardTitle>
    </description>
    <min>0</min>
    <max>1</max>
    <regularExpression/>
    <type>5</type>
    <minLength>0</minLength>
    <maxLength>-1</maxLength>
    <option>0</option>
    <isQualifier>0</isQualifier>
   </field>
   <field>
    <name>ORDER_DISCOUNT</name>
    <description>
     <standardTitle>tdsls040.odis</standardTitle>
    </description>
    <min>0</min>
    <max>1</max>
    <regularExpression/>
    <type>5</type>
    <minLength>0</minLength>
    <maxLength>-1</maxLength>
    <option>0</option>
    <isQualifier>0</isQualifier>
   </field>
   <field>
    <name>ROUTE</name>
    <description>
     <standardTitle>tdsls040.crte</standardTitle>
    </description>
    <min>0</min>
    <max>1</max>
    <regularExpression/>
    <type>5</type>
    <minLength>0</minLength>
    <maxLength>-1</maxLength>
    <option>0</option>
    <isQualifier>0</isQualifier>
   </field>
  </record>
  <record>
   <name>HAD</name>
   <description>
    <standardTitle>Order Header Addresses</standardTitle>
   </description>
   <min>0</min>
   <max>1</max>
   <option>0</option>
   <field>
    <name>KEY</name>
    <min>1</min>
    <max>1</max>
    <regularExpression/>
    <type>12</type>
    <minLength>3</minLength>
    <maxLength>3</maxLength>
    <option>1</option>
    <isQualifier>0</isQualifier>
    <value>HAD</value>
   </field>
   <field>
    <name>MESSAGE_REFERENCE</name>
    <description>
     <standardTitle>tcedi702.bano</standardTitle>
    </description>
    <min>0</min>
    <max>1</max>
    <regularExpression/>
    <type>5</type>
    <minLength>0</minLength>
    <maxLength>-1</maxLength>
    <option>0</option>
    <isQualifier>0</isQualifier>
   </field>
   <field>
    <name>CUSTOMER</name>
    <description>
     <standardTitle>tdsls040.cuno</standardTitle>
    </description>
    <min>0</min>
    <max>1</max>
    <regularExpression/>
    <type>5</type>
    <minLength>0</minLength>
    <maxLength>-1</maxLength>
    <option>0</option>
    <isQualifier>0</isQualifier>
   </field>
   <field>
    <name>CUSTOMER_PO</name>
    <description>
     <standardTitle>tdsls040.eono</standardTitle>
    </description>
    <min>0</min>
    <max>1</max>
    <regularExpression/>
    <type>5</type>
    <minLength>0</minLength>
    <maxLength>-1</maxLength>
    <option>0</option>
    <isQualifier>0</isQualifier>
   </field>
   <field>
    <name>DELIVERY_INVOICE_ADDRESS_CODE</name>
    <description>
     <standardTitle>tdsls042.ckor</standardTitle>
    </description>
    <min>0</min>
    <max>1</max>
    <regularExpression/>
    <type>5</type>
    <minLength>0</minLength>
    <maxLength>-1</maxLength>
    <option>0</option>
    <isQualifier>0</isQualifier>
   </field>
   <field>
    <name>COUNTRY</name>
    <description>
     <standardTitle>tdsls042.ccty</standardTitle>
    </description>
    <min>0</min>
    <max>1</max>
    <regularExpression/>
    <type>5</type>
    <minLength>0</minLength>
    <maxLength>-1</maxLength>
    <option>0</option>
    <isQualifier>0</isQualifier>
   </field>
   <field>
    <name>NAME</name>
    <description>
     <standardTitle>tdsls042.nama</standardTitle>
    </description>
    <min>0</min>
    <max>1</max>
    <regularExpression/>
    <type>5</type>
    <minLength>0</minLength>
    <maxLength>-1</maxLength>
    <option>0</option>
    <isQualifier>0</isQualifier>
   </field>
   <field>
    <name>NAME_2</name>
    <description>
     <standardTitle>tdsls042.namb</standardTitle>
    </description>
    <min>0</min>
    <max>1</max>
    <regularExpression/>
    <type>5</type>
    <minLength>0</minLength>
    <maxLength>-1</maxLength>
    <option>0</option>
    <isQualifier>0</isQualifier>
   </field>
   <field>
    <name>ADDRESS</name>
    <description>
     <standardTitle>tdsls042.namc</standardTitle>
    </description>
    <min>0</min>
    <max>1</max>
    <regularExpression/>
    <type>5</type>
    <minLength>0</minLength>
    <maxLength>-1</maxLength>
    <option>0</option>
    <isQualifier>0</isQualifier>
   </field>
   <field>
    <name>ADDRESS_2</name>
    <description>
     <standardTitle>tdsls042.namd</standardTitle>
    </description>
    <min>0</min>
    <max>1</max>
    <regularExpression/>
    <type>5</type>
    <minLength>0</minLength>
    <maxLength>-1</maxLength>
    <option>0</option>
    <isQualifier>0</isQualifier>
   </field>
   <field>
    <name>CITY</name>
    <description>
     <standardTitle>tdsls042.name</standardTitle>
    </description>
    <min>0</min>
    <max>1</max>
    <regularExpression/>
    <type>5</type>
    <minLength>0</minLength>
    <maxLength>-1</maxLength>
    <option>0</option>
    <isQualifier>0</isQualifier>
   </field>
   <field>
    <name>CITY_2</name>
    <description>
     <standardTitle>tdsls042.namf</standardTitle>
    </description>
    <min>0</min>
    <max>1</max>
    <regularExpression/>
    <type>5</type>
    <minLength>0</minLength>
    <maxLength>-1</maxLength>
    <option>0</option>
    <isQualifier>0</isQualifier>
   </field>
   <field>
    <name>ZIP_CODE</name>
    <description>
     <standardTitle>tdsls042.pstc</standardTitle>
    </description>
    <min>0</min>
    <max>1</max>
    <regularExpression/>
    <type>5</type>
    <minLength>0</minLength>
    <maxLength>-1</maxLength>
    <option>0</option>
    <isQualifier>0</isQualifier>
   </field>
   <field>
    <name>DELIVERY_ADDRESS</name>
    <description>
     <standardTitle>tdsls040.cdel</standardTitle>
    </description>
    <min>0</min>
    <max>1</max>
    <regularExpression/>
    <type>5</type>
    <minLength>0</minLength>
    <maxLength>-1</maxLength>
    <option>0</option>
    <isQualifier>0</isQualifier>
   </field>
   <field>
    <name>QUALIFIER</name>
    <description>
     <standardTitle>tdsls040.cdel</standardTitle>
    </description>
    <min>0</min>
    <max>1</max>
    <regularExpression/>
    <type>5</type>
    <minLength>0</minLength>
    <maxLength>-1</maxLength>
    <option>0</option>
    <isQualifier>0</isQualifier>
   </field>
   <field>
    <name>QUALIFIER2</name>
    <description>
     <standardTitle>tdsls040.cdel</standardTitle>
    </description>
    <min>0</min>
    <max>1</max>
    <regularExpression/>
    <type>5</type>
    <minLength>0</minLength>
    <maxLength>-1</maxLength>
    <option>0</option>
    <isQualifier>0</isQualifier>
   </field>
  </record>
  <record>
   <name>HTX</name>
   <description>
    <standardTitle>Order Header Text</standardTitle>
   </description>
   <min>0</min>
   <max>99999</max>
   <option>0</option>
   <field>
    <name>KEY</name>
    <min>1</min>
    <max>1</max>
    <regularExpression/>
    <type>12</type>
    <minLength>3</minLength>
    <maxLength>3</maxLength>
    <option>1</option>
    <isQualifier>0</isQualifier>
    <value>HTX</value>
   </field>
   <field>
    <name>MESSAGE_REFERENCE</name>
    <description>
     <standardTitle>tcedi702.bano</standardTitle>
    </description>
    <min>0</min>
    <max>1</max>
    <regularExpression/>
    <type>5</type>
    <minLength>0</minLength>
    <maxLength>-1</maxLength>
    <option>0</option>
    <isQualifier>0</isQualifier>
   </field>
   <field>
    <name>CUSTOMER</name>
    <description>
     <standardTitle>tcedi702.reno</standardTitle>
    </description>
    <min>0</min>
    <max>1</max>
    <regularExpression/>
    <type>5</type>
    <minLength>0</minLength>
    <maxLength>-1</maxLength>
    <option>0</option>
    <isQualifier>0</isQualifier>
   </field>
   <field>
    <name>CUSTOMER_PO</name>
    <description>
     <standardTitle>tdsls040.eono</standardTitle>
    </description>
    <min>0</min>
    <max>1</max>
    <regularExpression/>
    <type>5</type>
    <minLength>0</minLength>
    <maxLength>-1</maxLength>
    <option>0</option>
    <isQualifier>0</isQualifier>
   </field>
   <field>
    <name>HEADER_TEXT_1</name>
    <description>
     <standardTitle>tdsls040.txta</standardTitle>
    </description>
    <min>0</min>
    <max>1</max>
    <regularExpression/>
    <type>5</type>
    <minLength>0</minLength>
    <maxLength>-1</maxLength>
    <option>0</option>
    <isQualifier>0</isQualifier>
   </field>
   <field>
    <name>HEADER_TEXT_2</name>
    <description>
     <standardTitle>tdsls040.txta</standardTitle>
    </description>
    <min>0</min>
    <max>1</max>
    <regularExpression/>
    <type>5</type>
    <minLength>0</minLength>
    <maxLength>-1</maxLength>
    <option>0</option>
    <isQualifier>0</isQualifier>
   </field>
  </record>
  <record>
   <name>LIN</name>
   <description>
    <standardTitle>Order Lines</standardTitle>
   </description>
   <min>1</min>
   <max>99999</max>
   <option>1</option>
   <field>
    <name>KEY</name>
    <min>1</min>
    <max>1</max>
    <regularExpression/>
    <type>12</type>
    <minLength>3</minLength>
    <maxLength>3</maxLength>
    <option>1</option>
    <isQualifier>0</isQualifier>
    <value>LIN</value>
   </field>
   <field>
    <name>MESSAGE_REFERENCE</name>
    <description>
     <standardTitle>tcedi702.bano</standardTitle>
    </description>
    <min>0</min>
    <max>1</max>
    <regularExpression/>
    <type>5</type>
    <minLength>0</minLength>
    <maxLength>-1</maxLength>
    <option>0</option>
    <isQualifier>0</isQualifier>
   </field>
   <field>
    <name>CUSTOMER</name>
    <description>
     <standardTitle>tdsls040.cuno</standardTitle>
    </description>
    <min>0</min>
    <max>1</max>
    <regularExpression/>
    <type>5</type>
    <minLength>0</minLength>
    <maxLength>-1</maxLength>
    <option>0</option>
    <isQualifier>0</isQualifier>
   </field>
   <field>
    <name>CUSTOMER_PURCHASE_ORDER</name>
    <description>
     <standardTitle>tdsls040.eono</standardTitle>
    </description>
    <min>0</min>
    <max>1</max>
    <regularExpression/>
    <type>5</type>
    <minLength>0</minLength>
    <maxLength>-1</maxLength>
    <option>0</option>
    <isQualifier>0</isQualifier>
   </field>
   <field>
    <name>CUSTOMER_PURCHASE_ORDER_LINE</name>
    <description>
     <standardTitle>tdsls041.epos</standardTitle>
    </description>
    <min>0</min>
    <max>1</max>
    <regularExpression/>
    <type>5</type>
    <minLength>0</minLength>
    <maxLength>-1</maxLength>
    <option>0</option>
    <isQualifier>0</isQualifier>
   </field>
   <field>
    <name>CUST_LINE_ITEM_SCHED_PRICE</name>
    <description>
     <standardTitle>tdsls041.eseq</standardTitle>
    </description>
    <min>0</min>
    <max>1</max>
    <regularExpression/>
    <type>5</type>
    <minLength>0</minLength>
    <maxLength>-1</maxLength>
    <option>0</option>
    <isQualifier>0</isQualifier>
   </field>
   <field>
    <name>PROJECT</name>
    <description>
     <standardTitle>tdsls041.cprj</standardTitle>
    </description>
    <min>0</min>
    <max>1</max>
    <regularExpression/>
    <type>5</type>
    <minLength>0</minLength>
    <maxLength>-1</maxLength>
    <option>0</option>
    <isQualifier>0</isQualifier>
   </field>
   <field>
    <name>QUALIFIER</name>
    <description>
     <standardTitle>tdsls041.item</standardTitle>
     <standardText>  </standardText>
    </description>
    <min>0</min>
    <max>1</max>
    <regularExpression/>
    <type>5</type>
    <minLength>0</minLength>
    <maxLength>-1</maxLength>
    <option>0</option>
    <isQualifier>0</isQualifier>
   </field>
   <field>
    <name>ITEM</name>
    <description>
     <standardTitle>tdsls041.item</standardTitle>
    </description>
    <min>0</min>
    <max>1</max>
    <regularExpression/>
    <type>5</type>
    <minLength>0</minLength>
    <maxLength>-1</maxLength>
    <option>0</option>
    <isQualifier>0</isQualifier>
   </field>
   <field>
    <name>UNUSED_FIELD</name>
    <description>
     <standardTitle>unused field</standardTitle>
    </description>
    <min>0</min>
    <max>1</max>
    <regularExpression/>
    <type>5</type>
    <minLength>0</minLength>
    <maxLength>-1</maxLength>
    <option>0</option>
    <isQualifier>0</isQualifier>
   </field>
   <field>
    <name>UNUSED_FIELD</name>
    <description>
     <standardTitle>unused field</standardTitle>
    </description>
    <min>0</min>
    <max>1</max>
    <regularExpression/>
    <type>5</type>
    <minLength>0</minLength>
    <maxLength>-1</maxLength>
    <option>0</option>
    <isQualifier>0</isQualifier>
    <number>2</number>
   </field>
   <field>
    <name>CONTAINER</name>
    <description>
     <standardTitle>tdsls041.cntr</standardTitle>
    </description>
    <min>0</min>
    <max>1</max>
    <regularExpression/>
    <type>5</type>
    <minLength>0</minLength>
    <maxLength>-1</maxLength>
    <option>0</option>
    <isQualifier>0</isQualifier>
   </field>
   <field>
    <name>ORDERED_QUANTITY</name>
    <description>
     <standardTitle>tdsls041.oqua</standardTitle>
    </description>
    <min>0</min>
    <max>1</max>
    <regularExpression/>
    <type>5</type>
    <minLength>0</minLength>
    <maxLength>-1</maxLength>
    <option>0</option>
    <isQualifier>0</isQualifier>
   </field>
   <field>
    <name>ORDER_DATE</name>
    <description>
     <standardTitle>tdsls041.odat</standardTitle>
    </description>
    <min>0</min>
    <max>1</max>
    <regularExpression/>
    <type>5</type>
    <minLength>0</minLength>
    <maxLength>-1</maxLength>
    <option>0</option>
    <isQualifier>0</isQualifier>
   </field>
   <field>
    <name>PLANED_DELIVERY_DATE</name>
    <description>
     <standardTitle>tdsls041.ddta</standardTitle>
    </description>
    <min>0</min>
    <max>1</max>
    <regularExpression/>
    <type>5</type>
    <minLength>0</minLength>
    <maxLength>-1</maxLength>
    <option>0</option>
    <isQualifier>0</isQualifier>
   </field>
   <field>
    <name>PLANED_RECEIPT_DATE</name>
    <description>
     <standardTitle>tdsls041.prdt</standardTitle>
    </description>
    <min>0</min>
    <max>1</max>
    <regularExpression/>
    <type>5</type>
    <minLength>0</minLength>
    <maxLength>-1</maxLength>
    <option>0</option>
    <isQualifier>0</isQualifier>
   </field>
   <field>
    <name>SALES_UOM</name>
    <description>
     <standardTitle>tdsls041.cuqs</standardTitle>
    </description>
    <min>0</min>
    <max>1</max>
    <regularExpression/>
    <type>5</type>
    <minLength>0</minLength>
    <maxLength>-1</maxLength>
    <option>0</option>
    <isQualifier>0</isQualifier>
   </field>
   <field>
    <name>PRICE</name>
    <description>
     <standardTitle>tdsls041.pric</standardTitle>
    </description>
    <min>0</min>
    <max>1</max>
    <regularExpression/>
    <type>5</type>
    <minLength>0</minLength>
    <maxLength>-1</maxLength>
    <option>0</option>
    <isQualifier>0</isQualifier>
   </field>
   <field>
    <name>SALE_PRICE_UOM</name>
    <description>
     <standardTitle>tdsls041.cups</standardTitle>
    </description>
    <min>0</min>
    <max>1</max>
    <regularExpression/>
    <type>5</type>
    <minLength>0</minLength>
    <maxLength>-1</maxLength>
    <option>0</option>
    <isQualifier>0</isQualifier>
   </field>
   <field>
    <name>DISCOUNT_PERCENTAGE</name>
    <description>
     <standardTitle>tdsls041.disc</standardTitle>
    </description>
    <min>0</min>
    <max>1</max>
    <regularExpression/>
    <type>5</type>
    <minLength>0</minLength>
    <maxLength>-1</maxLength>
    <option>0</option>
    <isQualifier>0</isQualifier>
   </field>
   <field>
    <name>SHIP_COMPLETE</name>
    <description>
     <standardTitle>tdsls041.scom</standardTitle>
    </description>
    <min>0</min>
    <max>1</max>
    <regularExpression/>
    <type>5</type>
    <minLength>0</minLength>
    <maxLength>-1</maxLength>
    <option>0</option>
    <isQualifier>0</isQualifier>
   </field>
   <field>
    <name>DISCOUNT_CODE</name>
    <description>
     <standardTitle>vtdsls041.cdis</standardTitle>
    </description>
    <min>0</min>
    <max>1</max>
    <regularExpression/>
    <type>5</type>
    <minLength>0</minLength>
    <maxLength>-1</maxLength>
    <option>0</option>
    <isQualifier>0</isQualifier>
   </field>
   <field>
    <name>UNUSED_FIELD</name>
    <description>
     <standardTitle>unused field</standardTitle>
    </description>
    <min>0</min>
    <max>1</max>
    <regularExpression/>
    <type>5</type>
    <minLength>0</minLength>
    <maxLength>-1</maxLength>
    <option>0</option>
    <isQualifier>0</isQualifier>
    <number>3</number>
   </field>
   <field>
    <name>DISCOUNT_METHOD</name>
    <description>
     <standardTitle>tdsls041.dmth</standardTitle>
    </description>
    <min>0</min>
    <max>1</max>
    <regularExpression/>
    <type>5</type>
    <minLength>0</minLength>
    <maxLength>-1</maxLength>
    <option>0</option>
    <isQualifier>0</isQualifier>
   </field>
   <field>
    <name>DISCOUNT_AMOUNT</name>
    <description>
     <standardTitle>tdsls041.ldam</standardTitle>
    </description>
    <min>0</min>
    <max>1</max>
    <regularExpression/>
    <type>5</type>
    <minLength>0</minLength>
    <maxLength>-1</maxLength>
    <option>0</option>
    <isQualifier>0</isQualifier>
   </field>
   <field>
    <name>LOT_SELECTION</name>
    <description>
     <standardTitle>tdsls041.lsel</standardTitle>
    </description>
    <min>0</min>
    <max>1</max>
    <regularExpression/>
    <type>5</type>
    <minLength>0</minLength>
    <maxLength>-1</maxLength>
    <option>0</option>
    <isQualifier>0</isQualifier>
   </field>
   <field>
    <name>LOT</name>
    <description>
     <standardTitle>tdsls041.clot</standardTitle>
    </description>
    <min>0</min>
    <max>1</max>
    <regularExpression/>
    <type>5</type>
    <minLength>0</minLength>
    <maxLength>-1</maxLength>
    <option>0</option>
    <isQualifier>0</isQualifier>
   </field>
   <field>
    <name>LENGTH</name>
    <description>
     <standardTitle>tdsls041.leng</standardTitle>
    </description>
    <min>0</min>
    <max>1</max>
    <regularExpression/>
    <type>5</type>
    <minLength>0</minLength>
    <maxLength>-1</maxLength>
    <option>0</option>
    <isQualifier>0</isQualifier>
   </field>
   <field>
    <name>WIDTH</name>
    <description>
     <standardTitle>tdsls041.widt</standardTitle>
     <standardText>Not Used</standardText>
    </description>
    <min>0</min>
    <max>1</max>
    <regularExpression/>
    <type>5</type>
    <minLength>0</minLength>
    <maxLength>-1</maxLength>
    <option>0</option>
    <isQualifier>0</isQualifier>
   </field>
   <field>
    <name>DESCRIPTION</name>
    <description>
     <standardTitle>tipcf500.dsca</standardTitle>
    </description>
    <min>0</min>
    <max>1</max>
    <regularExpression/>
    <type>5</type>
    <minLength>0</minLength>
    <maxLength>-1</maxLength>
    <option>0</option>
    <isQualifier>0</isQualifier>
   </field>
   <field>
    <name>DESCRIPTION</name>
    <description>
     <standardTitle>tipcs020.dsca</standardTitle>
    </description>
    <min>0</min>
    <max>1</max>
    <regularExpression/>
    <type>5</type>
    <minLength>0</minLength>
    <maxLength>-1</maxLength>
    <option>0</option>
    <isQualifier>0</isQualifier>
    <number>2</number>
   </field>
   <field>
    <name>DESCRIPTION</name>
    <description>
     <standardTitle>tipcs020.dscb</standardTitle>
    </description>
    <min>0</min>
    <max>1</max>
    <regularExpression/>
    <type>5</type>
    <minLength>0</minLength>
    <maxLength>-1</maxLength>
    <option>0</option>
    <isQualifier>0</isQualifier>
    <number>3</number>
   </field>
   <field>
    <name>DESCRIPTION</name>
    <description>
     <standardTitle>tipcs020.dscc</standardTitle>
    </description>
    <min>0</min>
    <max>1</max>
    <regularExpression/>
    <type>5</type>
    <minLength>0</minLength>
    <maxLength>-1</maxLength>
    <option>0</option>
    <isQualifier>0</isQualifier>
    <number>4</number>
   </field>
   <field>
    <name>DESCRIPTION</name>
    <description>
     <standardTitle>tipcs020.dscd</standardTitle>
    </description>
    <min>0</min>
    <max>1</max>
    <regularExpression/>
    <type>5</type>
    <minLength>0</minLength>
    <maxLength>-1</maxLength>
    <option>0</option>
    <isQualifier>0</isQualifier>
    <number>5</number>
   </field>
   <field>
    <name>THICKNESS</name>
    <description>
     <standardTitle>tdsls041.thic</standardTitle>
    </description>
    <min>0</min>
    <max>1</max>
    <regularExpression/>
    <type>5</type>
    <minLength>0</minLength>
    <maxLength>-1</maxLength>
    <option>0</option>
    <isQualifier>0</isQualifier>
   </field>
   <field>
    <name>REFERENCE</name>
    <description>
     <standardTitle>tipcs020.refe</standardTitle>
    </description>
    <min>0</min>
    <max>1</max>
    <regularExpression/>
    <type>5</type>
    <minLength>0</minLength>
    <maxLength>-1</maxLength>
    <option>0</option>
    <isQualifier>0</isQualifier>
   </field>
   <record>
    <name>LTX</name>
    <description>
     <standardTitle>Order Line Text</standardTitle>
    </description>
    <min>0</min>
    <max>99999</max>
    <option>0</option>
    <field>
     <name>KEY</name>
     <min>1</min>
     <max>1</max>
     <regularExpression/>
     <type>12</type>
     <minLength>3</minLength>
     <maxLength>3</maxLength>
     <option>1</option>
     <isQualifier>0</isQualifier>
     <value>LTX</value>
    </field>
    <field>
     <name>MESSAGE_REFERENCE</name>
     <description>
      <standardTitle>tcedi702.bano</standardTitle>
     </description>
     <min>0</min>
     <max>1</max>
     <regularExpression/>
     <type>5</type>
     <minLength>0</minLength>
     <maxLength>-1</maxLength>
     <option>0</option>
     <isQualifier>0</isQualifier>
    </field>
    <field>
     <name>CUSTOMER</name>
     <description>
      <standardTitle>tdsls040.cuno</standardTitle>
     </description>
     <min>0</min>
     <max>1</max>
     <regularExpression/>
     <type>5</type>
     <minLength>0</minLength>
     <maxLength>-1</maxLength>
     <option>0</option>
     <isQualifier>0</isQualifier>
    </field>
    <field>
     <name>CUSTOMER_PURCHASE_ORDER</name>
     <description>
      <standardTitle>tdsls040.eono</standardTitle>
     </description>
     <min>0</min>
     <max>1</max>
     <regularExpression/>
     <type>5</type>
     <minLength>0</minLength>
     <maxLength>-1</maxLength>
     <option>0</option>
     <isQualifier>0</isQualifier>
    </field>
    <field>
     <name>CUSTOMER_PURCHASE_ORDER_LINE</name>
     <description>
      <standardTitle>tdsls041.epos</standardTitle>
     </description>
     <min>0</min>
     <max>1</max>
     <regularExpression/>
     <type>5</type>
     <minLength>0</minLength>
     <maxLength>-1</maxLength>
     <option>0</option>
     <isQualifier>0</isQualifier>
    </field>
    <field>
     <name>DETAIL_TEXT</name>
     <description>
      <standardTitle>tdsls041.txta</standardTitle>
     </description>
     <min>0</min>
     <max>1</max>
     <regularExpression/>
     <type>5</type>
     <minLength>0</minLength>
     <maxLength>-1</maxLength>
     <option>0</option>
     <isQualifier>0</isQualifier>
    </field>
    <field>
     <name>DETAIL_TEXT_2</name>
     <description>
      <standardTitle>tdsls041.txta</standardTitle>
     </description>
     <min>0</min>
     <max>1</max>
     <regularExpression/>
     <type>5</type>
     <minLength>0</minLength>
     <maxLength>-1</maxLength>
     <option>0</option>
     <isQualifier>0</isQualifier>
    </field>
   </record>
   <record>
    <name>LAD</name>
    <description>
     <standardTitle>Line’s Specific Deliv Address</standardTitle>
    </description>
    <min>0</min>
    <max>1</max>
    <option>0</option>
    <field>
     <name>KEY</name>
     <min>1</min>
     <max>1</max>
     <regularExpression/>
     <type>12</type>
     <minLength>3</minLength>
     <maxLength>3</maxLength>
     <option>1</option>
     <isQualifier>0</isQualifier>
     <value>LAD</value>
    </field>
    <field>
     <name>MESSAGE_REFERENCE</name>
     <description>
      <standardTitle>tcedi702.bano</standardTitle>
     </description>
     <min>0</min>
     <max>1</max>
     <regularExpression/>
     <type>5</type>
     <minLength>0</minLength>
     <maxLength>-1</maxLength>
     <option>0</option>
     <isQualifier>0</isQualifier>
    </field>
    <field>
     <name>CUSTOMER</name>
     <description>
      <standardTitle>tdsls040.cuno</standardTitle>
     </description>
     <min>0</min>
     <max>1</max>
     <regularExpression/>
     <type>5</type>
     <minLength>0</minLength>
     <maxLength>-1</maxLength>
     <option>0</option>
     <isQualifier>0</isQualifier>
    </field>
    <field>
     <name>CUSTOMER_PURCHASE_ORDER</name>
     <description>
      <standardTitle>tdsls040.eono</standardTitle>
     </description>
     <min>0</min>
     <max>1</max>
     <regularExpression/>
     <type>5</type>
     <minLength>0</minLength>
     <maxLength>-1</maxLength>
     <option>0</option>
     <isQualifier>0</isQualifier>
    </field>
    <field>
     <name>CUSTOMER_PURCHASE_ORDER_LINE</name>
     <description>
      <standardTitle>tdsls041.epos</standardTitle>
     </description>
     <min>0</min>
     <max>1</max>
     <regularExpression/>
     <type>5</type>
     <minLength>0</minLength>
     <maxLength>-1</maxLength>
     <option>0</option>
     <isQualifier>0</isQualifier>
    </field>
    <field>
     <name>DELIVERY_INVOICE_ADDRESS_CODE</name>
     <description>
      <standardTitle>tdsls042.ckor</standardTitle>
     </description>
     <min>0</min>
     <max>1</max>
     <regularExpression/>
     <type>5</type>
     <minLength>0</minLength>
     <maxLength>-1</maxLength>
     <option>0</option>
     <isQualifier>0</isQualifier>
    </field>
    <field>
     <name>COUNTRY</name>
     <description>
      <standardTitle>tdsls042.ccty</standardTitle>
     </description>
     <min>0</min>
     <max>1</max>
     <regularExpression/>
     <type>5</type>
     <minLength>0</minLength>
     <maxLength>-1</maxLength>
     <option>0</option>
     <isQualifier>0</isQualifier>
    </field>
    <field>
     <name>NAME</name>
     <description>
      <standardTitle>tdsls042.nama</standardTitle>
     </description>
     <min>0</min>
     <max>1</max>
     <regularExpression/>
     <type>5</type>
     <minLength>0</minLength>
     <maxLength>-1</maxLength>
     <option>0</option>
     <isQualifier>0</isQualifier>
    </field>
    <field>
     <name>NAME_2</name>
     <description>
      <standardTitle>tdsls042.namb</standardTitle>
     </description>
     <min>0</min>
     <max>1</max>
     <regularExpression/>
     <type>5</type>
     <minLength>0</minLength>
     <maxLength>-1</maxLength>
     <option>0</option>
     <isQualifier>0</isQualifier>
    </field>
    <field>
     <name>ADDRESS</name>
     <description>
      <standardTitle>tdsls042.namc</standardTitle>
     </description>
     <min>0</min>
     <max>1</max>
     <regularExpression/>
     <type>5</type>
     <minLength>0</minLength>
     <maxLength>-1</maxLength>
     <option>0</option>
     <isQualifier>0</isQualifier>
    </field>
    <field>
     <name>ADDRESS_2</name>
     <description>
      <standardTitle>tdsls042.namd</standardTitle>
     </description>
     <min>0</min>
     <max>1</max>
     <regularExpression/>
     <type>5</type>
     <minLength>0</minLength>
     <maxLength>-1</maxLength>
     <option>0</option>
     <isQualifier>0</isQualifier>
    </field>
    <field>
     <name>CITY</name>
     <description>
      <standardTitle>tdsls042.name</standardTitle>
     </description>
     <min>0</min>
     <max>1</max>
     <regularExpression/>
     <type>5</type>
     <minLength>0</minLength>
     <maxLength>-1</maxLength>
     <option>0</option>
     <isQualifier>0</isQualifier>
    </field>
    <field>
     <name>CITY_2</name>
     <description>
      <standardTitle>tdsls042.namf</standardTitle>
     </description>
     <min>0</min>
     <max>1</max>
     <regularExpression/>
     <type>5</type>
     <minLength>0</minLength>
     <maxLength>-1</maxLength>
     <option>0</option>
     <isQualifier>0</isQualifier>
    </field>
    <field>
     <name>ZIP_CODE</name>
     <description>
      <standardTitle>tdsls042.pstc</standardTitle>
     </description>
     <min>0</min>
     <max>1</max>
     <regularExpression/>
     <type>5</type>
     <minLength>0</minLength>
     <maxLength>-1</maxLength>
     <option>0</option>
     <isQualifier>0</isQualifier>
    </field>
   </record>
  </record>
  <record>
   <name>PVS</name>
   <description>
    <standardTitle>Product Variant Structure</standardTitle>
   </description>
   <min>0</min>
   <max>99999</max>
   <option>0</option>
   <field>
    <name>KEY</name>
    <min>1</min>
    <max>1</max>
    <regularExpression/>
    <type>12</type>
    <minLength>3</minLength>
    <maxLength>3</maxLength>
    <option>1</option>
    <isQualifier>0</isQualifier>
    <value>FTX</value>
   </field>
   <field>
    <name>MESSAGE_REFERENCE</name>
    <description>
     <standardTitle>tcedi702.bano</standardTitle>
     <standardText>This is a sequential number that is unique by customer code.  Usually use ISA control number concatenated by purchase order number.</standardText>
    </description>
    <min>0</min>
    <max>1</max>
    <regularExpression/>
    <type>5</type>
    <minLength>0</minLength>
    <maxLength>-1</maxLength>
    <option>0</option>
    <isQualifier>0</isQualifier>
   </field>
   <field>
    <name>CUSTOMER</name>
    <description>
     <standardTitle>tdsls040.cuno</standardTitle>
    </description>
    <min>0</min>
    <max>1</max>
    <regularExpression/>
    <type>5</type>
    <minLength>0</minLength>
    <maxLength>-1</maxLength>
    <option>0</option>
    <isQualifier>0</isQualifier>
   </field>
   <field>
    <name>CUSTOMER_PURCHASE_ORDER</name>
    <description>
     <standardTitle>tdsls040.eono</standardTitle>
    </description>
    <min>0</min>
    <max>1</max>
    <regularExpression/>
    <type>5</type>
    <minLength>0</minLength>
    <maxLength>-1</maxLength>
    <option>0</option>
    <isQualifier>0</isQualifier>
   </field>
   <field>
    <name>CUSTOMER_PURCHASE_ORDER_LINE</name>
    <description>
     <standardTitle>tdsls041.epos</standardTitle>
    </description>
    <min>0</min>
    <max>1</max>
    <regularExpression/>
    <type>5</type>
    <minLength>0</minLength>
    <maxLength>-1</maxLength>
    <option>0</option>
    <isQualifier>0</isQualifier>
   </field>
   <field>
    <name>OPTION_SET</name>
    <description>
     <standardTitle>tipcf510.opts</standardTitle>
    </description>
    <min>0</min>
    <max>1</max>
    <regularExpression/>
    <type>5</type>
    <minLength>0</minLength>
    <maxLength>-1</maxLength>
    <option>0</option>
    <isQualifier>0</isQualifier>
   </field>
   <field>
    <name>PRODUCT_CONFIGURATION</name>
    <description>
     <standardTitle>tipcf510.pcfl</standardTitle>
    </description>
    <min>0</min>
    <max>1</max>
    <regularExpression/>
    <type>5</type>
    <minLength>0</minLength>
    <maxLength>-1</maxLength>
    <option>0</option>
    <isQualifier>0</isQualifier>
   </field>
   <field>
    <name>QUALIFIER</name>
    <description>
     <standardTitle>tipcf510.item</standardTitle>
    </description>
    <min>0</min>
    <max>1</max>
    <regularExpression/>
    <type>5</type>
    <minLength>0</minLength>
    <maxLength>-1</maxLength>
    <option>0</option>
    <isQualifier>0</isQualifier>
   </field>
   <field>
    <name>QUALIFIER_2</name>
    <description>
     <standardTitle>tipcf510.item</standardTitle>
    </description>
    <min>0</min>
    <max>1</max>
    <regularExpression/>
    <type>5</type>
    <minLength>0</minLength>
    <maxLength>-1</maxLength>
    <option>0</option>
    <isQualifier>0</isQualifier>
   </field>
   <field>
    <name>GENERIC_ITEM</name>
    <description>
     <standardTitle>tipcf510.item</standardTitle>
    </description>
    <min>0</min>
    <max>1</max>
    <regularExpression/>
    <type>5</type>
    <minLength>0</minLength>
    <maxLength>-1</maxLength>
    <option>0</option>
    <isQualifier>0</isQualifier>
   </field>
   <field>
    <name>MANUFACTURED_ITEM_STACK</name>
    <description>
     <standardTitle>tipcf510.mitm</standardTitle>
    </description>
    <min>0</min>
    <max>1</max>
    <regularExpression/>
    <type>5</type>
    <minLength>0</minLength>
    <maxLength>-1</maxLength>
    <option>0</option>
    <isQualifier>0</isQualifier>
   </field>
   <field>
    <name>POSITION_NUMBER_STACK</name>
    <description>
     <standardTitle>tipcf510.pono</standardTitle>
    </description>
    <min>0</min>
    <max>1</max>
    <regularExpression/>
    <type>5</type>
    <minLength>0</minLength>
    <maxLength>-1</maxLength>
    <option>0</option>
    <isQualifier>0</isQualifier>
   </field>
   <field>
    <name>SEQUENCE_NUMBER_STACK</name>
    <description>
     <standardTitle>tipcf510.sern</standardTitle>
    </description>
    <min>0</min>
    <max>1</max>
    <regularExpression/>
    <type>5</type>
    <minLength>0</minLength>
    <maxLength>-1</maxLength>
    <option>0</option>
    <isQualifier>0</isQualifier>
   </field>
  </record>
  <record>
   <name>PVO</name>
   <description>
    <standardTitle>Product Variant Options</standardTitle>
   </description>
   <min>0</min>
   <max>99999</max>
   <option>0</option>
   <field>
    <name>KEY</name>
    <min>1</min>
    <max>1</max>
    <regularExpression/>
    <type>12</type>
    <minLength>3</minLength>
    <maxLength>3</maxLength>
    <option>1</option>
    <isQualifier>0</isQualifier>
    <value>FTX</value>
   </field>
   <field>
    <name>MESSAGE_REFERENCE</name>
    <description>
     <standardTitle>tcedi702.bano</standardTitle>
     <standardText>This is a sequential number that is unique by customer code.  Usually use ISA control number concatenated by purchase order number.</standardText>
    </description>
    <min>0</min>
    <max>1</max>
    <regularExpression/>
    <type>5</type>
    <minLength>0</minLength>
    <maxLength>-1</maxLength>
    <option>0</option>
    <isQualifier>0</isQualifier>
   </field>
   <field>
    <name>CUSTOMER</name>
    <description>
     <standardTitle>tdsls040.cuno</standardTitle>
    </description>
    <min>0</min>
    <max>1</max>
    <regularExpression/>
    <type>5</type>
    <minLength>0</minLength>
    <maxLength>-1</maxLength>
    <option>0</option>
    <isQualifier>0</isQualifier>
   </field>
   <field>
    <name>CUSTOMER_PURCHASE_ORDER</name>
    <description>
     <standardTitle>tdsls040.eono</standardTitle>
    </description>
    <min>0</min>
    <max>1</max>
    <regularExpression/>
    <type>5</type>
    <minLength>0</minLength>
    <maxLength>-1</maxLength>
    <option>0</option>
    <isQualifier>0</isQualifier>
   </field>
   <field>
    <name>CUSTOMER_PURCHASE_ORDER_LINE</name>
    <description>
     <standardTitle>tdsls041.epos</standardTitle>
    </description>
    <min>0</min>
    <max>1</max>
    <regularExpression/>
    <type>5</type>
    <minLength>0</minLength>
    <maxLength>-1</maxLength>
    <option>0</option>
    <isQualifier>0</isQualifier>
   </field>
   <field>
    <name>OPTION_SET</name>
    <description>
     <standardTitle>tipcf510.opts</standardTitle>
    </description>
    <min>0</min>
    <max>1</max>
    <regularExpression/>
    <type>5</type>
    <minLength>0</minLength>
    <maxLength>-1</maxLength>
    <option>0</option>
    <isQualifier>0</isQualifier>
   </field>
   <field>
    <name>PRODUCT_FEATURE</name>
    <description>
     <standardTitle>tipcf520.cpft</standardTitle>
    </description>
    <min>0</min>
    <max>1</max>
    <regularExpression/>
    <type>5</type>
    <minLength>0</minLength>
    <maxLength>-1</maxLength>
    <option>0</option>
    <isQualifier>0</isQualifier>
   </field>
   <field>
    <name>SEQUENCE_NUMBER</name>
    <description>
     <standardTitle>tipcf520.sern</standardTitle>
    </description>
    <min>0</min>
    <max>1</max>
    <regularExpression/>
    <type>5</type>
    <minLength>0</minLength>
    <maxLength>-1</maxLength>
    <option>0</option>
    <isQualifier>0</isQualifier>
   </field>
   <field>
    <name>DESCRIPTION</name>
    <description>
     <standardTitle>tipcf520.dsca</standardTitle>
    </description>
    <min>0</min>
    <max>1</max>
    <regularExpression/>
    <type>5</type>
    <minLength>0</minLength>
    <maxLength>-1</maxLength>
    <option>0</option>
    <isQualifier>0</isQualifier>
   </field>
   <field>
    <name>OPTION</name>
    <description>
     <standardTitle>tipcf520.copt</standardTitle>
    </description>
    <min>0</min>
    <max>1</max>
    <regularExpression/>
    <type>5</type>
    <minLength>0</minLength>
    <maxLength>-1</maxLength>
    <option>0</option>
    <isQualifier>0</isQualifier>
   </field>
  </record>
  <record>
   <name>PTX</name>
   <description>
    <standardTitle>Product Variant Text</standardTitle>
   </description>
   <min>0</min>
   <max>99999</max>
   <option>0</option>
   <field>
    <name>KEY</name>
    <min>1</min>
    <max>1</max>
    <regularExpression/>
    <type>12</type>
    <minLength>3</minLength>
    <maxLength>3</maxLength>
    <option>1</option>
    <isQualifier>0</isQualifier>
    <value>FTX</value>
   </field>
   <field>
    <name>MESSAGE_REFERENCE</name>
    <description>
     <standardTitle>tcedi702.bano</standardTitle>
     <standardText>This is a sequential number that is unique by customer code.  Usually use ISA control number concatenated by purchase order number.</standardText>
    </description>
    <min>0</min>
    <max>1</max>
    <regularExpression/>
    <type>5</type>
    <minLength>0</minLength>
    <maxLength>-1</maxLength>
    <option>0</option>
    <isQualifier>0</isQualifier>
   </field>
   <field>
    <name>CUSTOMER</name>
    <description>
     <standardTitle>tdsls040.cuno</standardTitle>
    </description>
    <min>0</min>
    <max>1</max>
    <regularExpression/>
    <type>5</type>
    <minLength>0</minLength>
    <maxLength>-1</maxLength>
    <option>0</option>
    <isQualifier>0</isQualifier>
   </field>
   <field>
    <name>CUSTOMER_PURCHASE_ORDER</name>
    <description>
     <standardTitle>tdsls040.eono</standardTitle>
    </description>
    <min>0</min>
    <max>1</max>
    <regularExpression/>
    <type>5</type>
    <minLength>0</minLength>
    <maxLength>-1</maxLength>
    <option>0</option>
    <isQualifier>0</isQualifier>
   </field>
   <field>
    <name>CUSTOMER_PURCHASE_ORDER_LINE</name>
    <description>
     <standardTitle>tdsls041.epos</standardTitle>
    </description>
    <min>0</min>
    <max>1</max>
    <regularExpression/>
    <type>5</type>
    <minLength>0</minLength>
    <maxLength>-1</maxLength>
    <option>0</option>
    <isQualifier>0</isQualifier>
   </field>
   <field>
    <name>PRODUCT_VARIANT_TEXT</name>
    <description>
     <standardTitle>tipcf500.txta</standardTitle>
    </description>
    <min>0</min>
    <max>1</max>
    <regularExpression/>
    <type>5</type>
    <minLength>0</minLength>
    <maxLength>-1</maxLength>
    <option>0</option>
    <isQualifier>0</isQualifier>
   </field>
   <field>
    <name>PRODUCT_VARIANT_TEXT_2</name>
    <description>
     <standardTitle>tipcf500.txta</standardTitle>
    </description>
    <min>0</min>
    <max>1</max>
    <regularExpression/>
    <type>5</type>
    <minLength>0</minLength>
    <maxLength>-1</maxLength>
    <option>0</option>
    <isQualifier>0</isQualifier>
   </field>
  </record>
  <record>
   <name>OTX</name>
   <description>
    <standardTitle>Product Option Set Text</standardTitle>
   </description>
   <min>0</min>
   <max>99999</max>
   <option>0</option>
   <field>
    <name>KEY</name>
    <min>1</min>
    <max>1</max>
    <regularExpression/>
    <type>12</type>
    <minLength>3</minLength>
    <maxLength>3</maxLength>
    <option>1</option>
    <isQualifier>0</isQualifier>
    <value>FTX</value>
   </field>
   <field>
    <name>MESSAGE_REFERENCE</name>
    <description>
     <standardTitle>tcedi702.bano</standardTitle>
     <standardText>This is a sequential number that is unique by customer code.  Usually use ISA control number concatenated by purchase order number.</standardText>
    </description>
    <min>0</min>
    <max>1</max>
    <regularExpression/>
    <type>5</type>
    <minLength>0</minLength>
    <maxLength>-1</maxLength>
    <option>0</option>
    <isQualifier>0</isQualifier>
   </field>
   <field>
    <name>CUSTOMER</name>
    <description>
     <standardTitle>tdsls040.cuno</standardTitle>
    </description>
    <min>0</min>
    <max>1</max>
    <regularExpression/>
    <type>5</type>
    <minLength>0</minLength>
    <maxLength>-1</maxLength>
    <option>0</option>
    <isQualifier>0</isQualifier>
   </field>
   <field>
    <name>CUSTOMER_PURCHASE_ORDER</name>
    <description>
     <standardTitle>tdsls040.eono</standardTitle>
    </description>
    <min>0</min>
    <max>1</max>
    <regularExpression/>
    <type>5</type>
    <minLength>0</minLength>
    <maxLength>-1</maxLength>
    <option>0</option>
    <isQualifier>0</isQualifier>
   </field>
   <field>
    <name>CUSTOMER_PURCHASE_ORDER_LINE</name>
    <description>
     <standardTitle>tdsls041.epos</standardTitle>
    </description>
    <min>0</min>
    <max>1</max>
    <regularExpression/>
    <type>5</type>
    <minLength>0</minLength>
    <maxLength>-1</maxLength>
    <option>0</option>
    <isQualifier>0</isQualifier>
   </field>
   <field>
    <name>OPTION_SET</name>
    <description>
     <standardTitle>tipcf510.opts</standardTitle>
    </description>
    <min>0</min>
    <max>1</max>
    <regularExpression/>
    <type>5</type>
    <minLength>0</minLength>
    <maxLength>-1</maxLength>
    <option>0</option>
    <isQualifier>0</isQualifier>
   </field>
   <field>
    <name>OPTION_SET_TEXT</name>
    <description>
     <standardTitle>tipcf510.txta</standardTitle>
    </description>
    <min>0</min>
    <max>1</max>
    <regularExpression/>
    <type>5</type>
    <minLength>0</minLength>
    <maxLength>-1</maxLength>
    <option>0</option>
    <isQualifier>0</isQualifier>
   </field>
   <field>
    <name>OPTION_SET_TEXT_2</name>
    <description>
     <standardTitle>tipcf510.txta</standardTitle>
    </description>
    <min>0</min>
    <max>1</max>
    <regularExpression/>
    <type>5</type>
    <minLength>0</minLength>
    <maxLength>-1</maxLength>
    <option>0</option>
    <isQualifier>0</isQualifier>
   </field>
  </record>
  <record>
   <name>VTX</name>
   <description>
    <standardTitle>Variant Option Text</standardTitle>
   </description>
   <min>0</min>
   <max>99999</max>
   <option>0</option>
   <field>
    <name>KEY</name>
    <min>1</min>
    <max>1</max>
    <regularExpression/>
    <type>12</type>
    <minLength>3</minLength>
    <maxLength>3</maxLength>
    <option>1</option>
    <isQualifier>0</isQualifier>
    <value>FTX</value>
   </field>
   <field>
    <name>MESSAGE_REFERENCE</name>
    <description>
     <standardTitle>tcedi702.bano</standardTitle>
     <standardText>This is a sequential number that is unique by customer code.  Usually use ISA control number concatenated by purchase order number.</standardText>
    </description>
    <min>0</min>
    <max>1</max>
    <regularExpression/>
    <type>5</type>
    <minLength>0</minLength>
    <maxLength>-1</maxLength>
    <option>0</option>
    <isQualifier>0</isQualifier>
   </field>
   <field>
    <name>CUSTOMER</name>
    <description>
     <standardTitle>tdsls040.cuno</standardTitle>
    </description>
    <min>0</min>
    <max>1</max>
    <regularExpression/>
    <type>5</type>
    <minLength>0</minLength>
    <maxLength>-1</maxLength>
    <option>0</option>
    <isQualifier>0</isQualifier>
   </field>
   <field>
    <name>CUSTOMER_PURCHASE_ORDER</name>
    <description>
     <standardTitle>tdsls040.eono</standardTitle>
    </description>
    <min>0</min>
    <max>1</max>
    <regularExpression/>
    <type>5</type>
    <minLength>0</minLength>
    <maxLength>-1</maxLength>
    <option>0</option>
    <isQualifier>0</isQualifier>
   </field>
   <field>
    <name>CUSTOMER_PURCHASE_ORDER_LINE</name>
    <description>
     <standardTitle>tdsls041.epos</standardTitle>
    </description>
    <min>0</min>
    <max>1</max>
    <regularExpression/>
    <type>5</type>
    <minLength>0</minLength>
    <maxLength>-1</maxLength>
    <option>0</option>
    <isQualifier>0</isQualifier>
   </field>
   <field>
    <name>OPTION_SET</name>
    <description>
     <standardTitle>tipcf510.opts</standardTitle>
    </description>
    <min>0</min>
    <max>1</max>
    <regularExpression/>
    <type>5</type>
    <minLength>0</minLength>
    <maxLength>-1</maxLength>
    <option>0</option>
    <isQualifier>0</isQualifier>
   </field>
   <field>
    <name>PRODUCT_FEATURE</name>
    <description>
     <standardTitle>tipcf520.cpft</standardTitle>
    </description>
    <min>0</min>
    <max>1</max>
    <regularExpression/>
    <type>5</type>
    <minLength>0</minLength>
    <maxLength>-1</maxLength>
    <option>0</option>
    <isQualifier>0</isQualifier>
   </field>
   <field>
    <name>PRODUCT_VARIANT_OPTION</name>
    <description>
     <standardTitle>tipcf520.txta</standardTitle>
    </description>
    <min>0</min>
    <max>1</max>
    <regularExpression/>
    <type>5</type>
    <minLength>0</minLength>
    <maxLength>-1</maxLength>
    <option>0</option>
    <isQualifier>0</isQualifier>
   </field>
   <field>
    <name>PRODUCT_VARIANT_OPTION_2</name>
    <description>
     <standardTitle>tipcf520.txta</standardTitle>
    </description>
    <min>0</min>
    <max>1</max>
    <regularExpression/>
    <type>5</type>
    <minLength>0</minLength>
    <maxLength>-1</maxLength>
    <option>0</option>
    <isQualifier>0</isQualifier>
   </field>
  </record>
  <record>
   <name>FTX</name>
   <description>
    <standardTitle>Variant Option Text</standardTitle>
   </description>
   <min>0</min>
   <max>99999</max>
   <option>0</option>
   <field>
    <name>KEY</name>
    <min>1</min>
    <max>1</max>
    <regularExpression/>
    <type>12</type>
    <minLength>3</minLength>
    <maxLength>3</maxLength>
    <option>1</option>
    <isQualifier>0</isQualifier>
    <value>FTX</value>
   </field>
   <field>
    <name>MESSAGE_REFERENCE</name>
    <description>
     <standardTitle>tcedi702.bano</standardTitle>
     <standardText>This is a sequential number that is unique by customer code.  Usually use ISA control number concatenated by purchase order number.</standardText>
    </description>
    <min>0</min>
    <max>1</max>
    <regularExpression/>
    <type>5</type>
    <minLength>0</minLength>
    <maxLength>-1</maxLength>
    <option>0</option>
    <isQualifier>0</isQualifier>
   </field>
   <field>
    <name>RELATION</name>
    <description>
     <standardTitle>tcedi702.reno</standardTitle>
    </description>
    <min>0</min>
    <max>1</max>
    <regularExpression/>
    <type>5</type>
    <minLength>0</minLength>
    <maxLength>-1</maxLength>
    <option>0</option>
    <isQualifier>0</isQualifier>
   </field>
   <field>
    <name>CUSTOMER_PURCHASE_ORDER</name>
    <description>
     <standardTitle>tdsls040.eono</standardTitle>
    </description>
    <min>0</min>
    <max>1</max>
    <regularExpression/>
    <type>5</type>
    <minLength>0</minLength>
    <maxLength>-1</maxLength>
    <option>0</option>
    <isQualifier>0</isQualifier>
   </field>
   <field>
    <name>FOOTER_TEXT</name>
    <description>
     <standardTitle>tdsls040.txtb</standardTitle>
    </description>
    <min>0</min>
    <max>1</max>
    <regularExpression/>
    <type>5</type>
    <minLength>0</minLength>
    <maxLength>-1</maxLength>
    <option>0</option>
    <isQualifier>0</isQualifier>
   </field>
   <field>
    <name>FOOTER_TEXT_2</name>
    <description>
     <standardTitle>tdsls040.txtb</standardTitle>
    </description>
    <min>0</min>
    <max>1</max>
    <regularExpression/>
    <type>5</type>
    <minLength>0</minLength>
    <maxLength>-1</maxLength>
    <option>0</option>
    <isQualifier>0</isQualifier>
   </field>
  </record>
 </record>
</message>
