<?xml version="1.0" encoding="UTF-8"?><message version="6.1">
 <name>INVOICE</name>
 <kind>3</kind>
 <description>
  <standardTitle>Seeburger AG</standardTitle>
  <standardText> </standardText>
 </description>
 <record>
  <name>K01</name>
  <min>1</min>
  <max>1</max>
  <option>1</option>
  <field>
   <name>TABNAM</name>
   <min>0</min>
   <max>1</max>
   <regularExpression/>
   <type>12</type>
   <minLength>3</minLength>
   <maxLength>3</maxLength>
   <option>0</option>
   <isQualifier>0</isQualifier>
   <format> </format>
   <value>K01</value>
  </field>
  <field>
   <name>CURCY</name>
   <description>
    <standardTitle>Waehrung</standardTitle>
    <standardText> </standardText>
   </description>
   <min>0</min>
   <max>1</max>
   <regularExpression/>
   <type>2</type>
   <minLength>3</minLength>
   <maxLength>3</maxLength>
   <option>0</option>
   <isQualifier>0</isQualifier>
   <format> </format>
   <value>   </value>
  </field>
  <field>
   <name>BELNR</name>
   <description>
    <standardTitle>IDOC Belegnummer</standardTitle>
    <standardText> </standardText>
   </description>
   <min>0</min>
   <max>1</max>
   <regularExpression/>
   <type>2</type>
   <minLength>35</minLength>
   <maxLength>35</maxLength>
   <option>0</option>
   <isQualifier>0</isQualifier>
   <format> </format>
   <value>                                   </value>
  </field>
  <field>
   <name>NTGEW</name>
   <description>
    <standardTitle>Nettogewicht</standardTitle>
    <standardText> </standardText>
   </description>
   <min>0</min>
   <max>1</max>
   <regularExpression/>
   <type>2</type>
   <minLength>18</minLength>
   <maxLength>18</maxLength>
   <option>0</option>
   <isQualifier>0</isQualifier>
   <format> </format>
   <value>                  </value>
  </field>
  <field>
   <name>BRGEW</name>
   <description>
    <standardTitle>Nettogewicht</standardTitle>
    <standardText> </standardText>
   </description>
   <min>0</min>
   <max>1</max>
   <regularExpression/>
   <type>2</type>
   <minLength>18</minLength>
   <maxLength>18</maxLength>
   <option>0</option>
   <isQualifier>0</isQualifier>
   <format> </format>
   <value>                  </value>
  </field>
  <field>
   <name>GEWEI</name>
   <description>
    <standardTitle>Gewichtseinheit</standardTitle>
    <standardText> </standardText>
   </description>
   <min>0</min>
   <max>1</max>
   <regularExpression/>
   <type>2</type>
   <minLength>3</minLength>
   <maxLength>3</maxLength>
   <option>0</option>
   <isQualifier>0</isQualifier>
   <format> </format>
   <value>   </value>
  </field>
  <field>
   <name>ABLAD</name>
   <description>
    <standardTitle>Abladestelle</standardTitle>
    <standardText> </standardText>
   </description>
   <min>0</min>
   <max>1</max>
   <regularExpression/>
   <type>2</type>
   <minLength>25</minLength>
   <maxLength>25</maxLength>
   <option>0</option>
   <isQualifier>0</isQualifier>
   <format> </format>
   <value>                         </value>
  </field>
  <field>
   <name>AUTLF</name>
   <description>
    <standardTitle>Vollieferung pro Auftrag vorgeschr</standardTitle>
    <standardText> </standardText>
   </description>
   <min>0</min>
   <max>1</max>
   <regularExpression/>
   <type>2</type>
   <minLength>1</minLength>
   <maxLength>1</maxLength>
   <option>0</option>
   <isQualifier>0</isQualifier>
   <format> </format>
   <value> </value>
  </field>
  <field>
   <name>AUGRU_BEZ</name>
   <description>
    <standardTitle>Bezeichnung</standardTitle>
    <standardText> </standardText>
   </description>
   <min>0</min>
   <max>1</max>
   <regularExpression/>
   <type>2</type>
   <minLength>40</minLength>
   <maxLength>40</maxLength>
   <option>0</option>
   <isQualifier>0</isQualifier>
   <format> </format>
   <value>                                        </value>
  </field>
  <field>
   <name>CRLF</name>
   <min>1</min>
   <max>1</max>
   <regularExpression/>
   <type>9</type>
   <minLength>2</minLength>
   <maxLength>2</maxLength>
   <option>1</option>
   <isQualifier>0</isQualifier>
   <format> </format>
   <value>0D0A</value>
  </field>
  <record>
   <name>KA1</name>
   <min>0</min>
   <max>10</max>
   <option>0</option>
   <field>
    <name>TABNAM</name>
    <min>0</min>
    <max>1</max>
    <regularExpression/>
    <type>12</type>
    <minLength>3</minLength>
    <maxLength>3</maxLength>
    <option>0</option>
    <isQualifier>0</isQualifier>
    <format> </format>
    <value>KA1</value>
   </field>
   <field>
    <name>PARVW</name>
    <description>
     <standardTitle>Partnerrolle (z.B. Auftraggeber</standardTitle>
     <standardText> </standardText>
    </description>
    <min>0</min>
    <max>1</max>
    <regularExpression/>
    <type>2</type>
    <minLength>3</minLength>
    <maxLength>3</maxLength>
    <option>0</option>
    <isQualifier>0</isQualifier>
    <format> </format>
    <value>   </value>
   </field>
   <field>
    <name>PARTN</name>
    <description>
     <standardTitle>Partnernummer</standardTitle>
     <standardText> </standardText>
    </description>
    <min>0</min>
    <max>1</max>
    <regularExpression/>
    <type>2</type>
    <minLength>17</minLength>
    <maxLength>17</maxLength>
    <option>0</option>
    <isQualifier>0</isQualifier>
    <format> </format>
    <value>                 </value>
   </field>
   <field>
    <name>LIFNR</name>
    <description>
     <standardTitle>Lieferantennummer beim Kunden</standardTitle>
     <standardText> </standardText>
    </description>
    <min>0</min>
    <max>1</max>
    <regularExpression/>
    <type>2</type>
    <minLength>17</minLength>
    <maxLength>17</maxLength>
    <option>0</option>
    <isQualifier>0</isQualifier>
    <format> </format>
    <value>                 </value>
   </field>
   <field>
    <name>NAME1</name>
    <description>
     <standardTitle>Name</standardTitle>
     <standardText> </standardText>
    </description>
    <min>0</min>
    <max>1</max>
    <regularExpression/>
    <type>2</type>
    <minLength>35</minLength>
    <maxLength>35</maxLength>
    <option>0</option>
    <isQualifier>0</isQualifier>
    <format> </format>
    <value>                                   </value>
   </field>
   <field>
    <name>STRAS</name>
    <description>
     <standardTitle>Strasse und Hausnummer</standardTitle>
     <standardText> </standardText>
    </description>
    <min>0</min>
    <max>1</max>
    <regularExpression/>
    <type>2</type>
    <minLength>35</minLength>
    <maxLength>35</maxLength>
    <option>0</option>
    <isQualifier>0</isQualifier>
    <format> </format>
    <value>                                   </value>
   </field>
   <field>
    <name>PFACH</name>
    <description>
     <standardTitle>Postfach</standardTitle>
     <standardText> </standardText>
    </description>
    <min>0</min>
    <max>1</max>
    <regularExpression/>
    <type>2</type>
    <minLength>35</minLength>
    <maxLength>35</maxLength>
    <option>0</option>
    <isQualifier>0</isQualifier>
    <format> </format>
    <value>                                   </value>
   </field>
   <field>
    <name>ORT01</name>
    <description>
     <standardTitle>Ort</standardTitle>
     <standardText> </standardText>
    </description>
    <min>0</min>
    <max>1</max>
    <regularExpression/>
    <type>2</type>
    <minLength>35</minLength>
    <maxLength>35</maxLength>
    <option>0</option>
    <isQualifier>0</isQualifier>
    <format> </format>
    <value>                                   </value>
   </field>
   <field>
    <name>COUNC</name>
    <description>
     <standardTitle>County code</standardTitle>
     <standardText> </standardText>
    </description>
    <min>0</min>
    <max>1</max>
    <regularExpression/>
    <type>2</type>
    <minLength>9</minLength>
    <maxLength>9</maxLength>
    <option>0</option>
    <isQualifier>0</isQualifier>
    <format> </format>
    <value>         </value>
   </field>
   <field>
    <name>PSTLZ</name>
    <description>
     <standardTitle>Postleitzahl</standardTitle>
     <standardText> </standardText>
    </description>
    <min>0</min>
    <max>1</max>
    <regularExpression/>
    <type>2</type>
    <minLength>9</minLength>
    <maxLength>9</maxLength>
    <option>0</option>
    <isQualifier>0</isQualifier>
    <format> </format>
    <value>         </value>
   </field>
   <field>
    <name>PSTL2</name>
    <description>
     <standardTitle>Postleitzahl des Postfachs</standardTitle>
     <standardText> </standardText>
    </description>
    <min>0</min>
    <max>1</max>
    <regularExpression/>
    <type>2</type>
    <minLength>9</minLength>
    <maxLength>9</maxLength>
    <option>0</option>
    <isQualifier>0</isQualifier>
    <format> </format>
    <value>         </value>
   </field>
   <field>
    <name>LAND1</name>
    <description>
     <standardTitle>Laenderschlussel</standardTitle>
     <standardText> </standardText>
    </description>
    <min>0</min>
    <max>1</max>
    <regularExpression/>
    <type>2</type>
    <minLength>3</minLength>
    <maxLength>3</maxLength>
    <option>0</option>
    <isQualifier>0</isQualifier>
    <format> </format>
    <value>   </value>
   </field>
   <field>
    <name>ABLAD</name>
    <description>
     <standardTitle>Abladestelle</standardTitle>
     <standardText> </standardText>
    </description>
    <min>0</min>
    <max>1</max>
    <regularExpression/>
    <type>2</type>
    <minLength>35</minLength>
    <maxLength>35</maxLength>
    <option>0</option>
    <isQualifier>0</isQualifier>
    <format> </format>
    <value>                                   </value>
   </field>
   <field>
    <name>TELF1</name>
    <description>
     <standardTitle>Telefonnummer 1 des Ansprechpartne</standardTitle>
     <standardText> </standardText>
    </description>
    <min>0</min>
    <max>1</max>
    <regularExpression/>
    <type>2</type>
    <minLength>25</minLength>
    <maxLength>25</maxLength>
    <option>0</option>
    <isQualifier>0</isQualifier>
    <format> </format>
    <value>                         </value>
   </field>
   <field>
    <name>ANRED</name>
    <description>
     <standardTitle>Anrede</standardTitle>
     <standardText> </standardText>
    </description>
    <min>0</min>
    <max>1</max>
    <regularExpression/>
    <type>2</type>
    <minLength>15</minLength>
    <maxLength>15</maxLength>
    <option>0</option>
    <isQualifier>0</isQualifier>
    <format> </format>
    <value>               </value>
   </field>
   <field>
    <name>ORT02</name>
    <description>
     <standardTitle>Ortsteil</standardTitle>
     <standardText> </standardText>
    </description>
    <min>0</min>
    <max>1</max>
    <regularExpression/>
    <type>2</type>
    <minLength>35</minLength>
    <maxLength>35</maxLength>
    <option>0</option>
    <isQualifier>0</isQualifier>
    <format> </format>
    <value>                                   </value>
   </field>
   <field>
    <name>HAUSN</name>
    <description>
     <standardTitle>Hausnummer</standardTitle>
     <standardText> </standardText>
    </description>
    <min>0</min>
    <max>1</max>
    <regularExpression/>
    <type>2</type>
    <minLength>6</minLength>
    <maxLength>6</maxLength>
    <option>0</option>
    <isQualifier>0</isQualifier>
    <format> </format>
    <value>      </value>
   </field>
   <field>
    <name>STOCK</name>
    <description>
     <standardTitle>Stockwerk</standardTitle>
     <standardText> </standardText>
    </description>
    <min>0</min>
    <max>1</max>
    <regularExpression/>
    <type>2</type>
    <minLength>6</minLength>
    <maxLength>6</maxLength>
    <option>0</option>
    <isQualifier>0</isQualifier>
    <format> </format>
    <value>      </value>
   </field>
   <field>
    <name>REGIO</name>
    <description>
     <standardTitle>Region</standardTitle>
     <standardText> </standardText>
    </description>
    <min>0</min>
    <max>1</max>
    <regularExpression/>
    <type>2</type>
    <minLength>3</minLength>
    <maxLength>3</maxLength>
    <option>0</option>
    <isQualifier>0</isQualifier>
    <format> </format>
    <value>   </value>
   </field>
   <field>
    <name>CRLF</name>
    <min>1</min>
    <max>1</max>
    <regularExpression/>
    <type>9</type>
    <minLength>2</minLength>
    <maxLength>2</maxLength>
    <option>1</option>
    <isQualifier>0</isQualifier>
    <format> </format>
    <value>0D0A</value>
   </field>
  </record>
  <record>
   <name>K02</name>
   <min>0</min>
   <max>20</max>
   <option>0</option>
   <field>
    <name>TABNAM</name>
    <min>0</min>
    <max>1</max>
    <regularExpression/>
    <type>12</type>
    <minLength>3</minLength>
    <maxLength>3</maxLength>
    <option>0</option>
    <isQualifier>0</isQualifier>
    <format> </format>
    <value>K02</value>
   </field>
   <field>
    <name>BELNR</name>
    <description>
     <standardTitle>Belegnummer</standardTitle>
     <standardText> </standardText>
    </description>
    <min>0</min>
    <max>1</max>
    <regularExpression/>
    <type>2</type>
    <minLength>35</minLength>
    <maxLength>35</maxLength>
    <option>0</option>
    <isQualifier>0</isQualifier>
    <format> </format>
    <value>                                   </value>
   </field>
   <field>
    <name>DATUM</name>
    <description>
     <standardTitle>Datum</standardTitle>
     <standardText> </standardText>
    </description>
    <min>0</min>
    <max>1</max>
    <regularExpression/>
    <type>2</type>
    <minLength>8</minLength>
    <maxLength>8</maxLength>
    <option>0</option>
    <isQualifier>0</isQualifier>
    <format> </format>
    <value>        </value>
   </field>
   <field>
    <name>UZEIT</name>
    <description>
     <standardTitle>Uhrzeit</standardTitle>
     <standardText> </standardText>
    </description>
    <min>0</min>
    <max>1</max>
    <regularExpression/>
    <type>2</type>
    <minLength>6</minLength>
    <maxLength>6</maxLength>
    <option>0</option>
    <isQualifier>0</isQualifier>
    <format> </format>
    <value>      </value>
   </field>
   <field>
    <name>CRLF</name>
    <min>1</min>
    <max>1</max>
    <regularExpression/>
    <type>9</type>
    <minLength>2</minLength>
    <maxLength>2</maxLength>
    <option>1</option>
    <isQualifier>0</isQualifier>
    <format> </format>
    <value>0D0A</value>
   </field>
  </record>
 </record>
 <record>
  <name>P01</name>
  <min>0</min>
  <max>-1</max>
  <option>0</option>
  <field>
   <name>TABNAM</name>
   <min>0</min>
   <max>1</max>
   <regularExpression/>
   <type>12</type>
   <minLength>3</minLength>
   <maxLength>3</maxLength>
   <option>0</option>
   <isQualifier>0</isQualifier>
   <format> </format>
   <value>P01</value>
  </field>
  <field>
   <name>POSEX</name>
   <description>
    <standardTitle>Positionsnummer</standardTitle>
    <standardText> </standardText>
   </description>
   <min>0</min>
   <max>1</max>
   <regularExpression/>
   <type>2</type>
   <minLength>6</minLength>
   <maxLength>6</maxLength>
   <option>0</option>
   <isQualifier>0</isQualifier>
   <format> </format>
   <value>      </value>
  </field>
  <field>
   <name>MENGE</name>
   <description>
    <standardTitle>Menge</standardTitle>
    <standardText> </standardText>
   </description>
   <min>0</min>
   <max>1</max>
   <regularExpression/>
   <type>2</type>
   <minLength>15</minLength>
   <maxLength>15</maxLength>
   <option>0</option>
   <isQualifier>0</isQualifier>
   <format> </format>
   <value>               </value>
  </field>
  <field>
   <name>MENEE</name>
   <description>
    <standardTitle>Mengeneinheit</standardTitle>
    <standardText> </standardText>
   </description>
   <min>0</min>
   <max>1</max>
   <regularExpression/>
   <type>2</type>
   <minLength>3</minLength>
   <maxLength>3</maxLength>
   <option>0</option>
   <isQualifier>0</isQualifier>
   <format> </format>
   <value>   </value>
  </field>
  <field>
   <name>BMNG2</name>
   <description>
    <standardTitle>Menge in Preismengeneinheit</standardTitle>
    <standardText> </standardText>
   </description>
   <min>0</min>
   <max>1</max>
   <regularExpression/>
   <type>2</type>
   <minLength>15</minLength>
   <maxLength>15</maxLength>
   <option>0</option>
   <isQualifier>0</isQualifier>
   <format> </format>
   <value>               </value>
  </field>
  <field>
   <name>PMENE</name>
   <description>
    <standardTitle>Preismengeneinheit</standardTitle>
    <standardText> </standardText>
   </description>
   <min>0</min>
   <max>1</max>
   <regularExpression/>
   <type>2</type>
   <minLength>3</minLength>
   <maxLength>3</maxLength>
   <option>0</option>
   <isQualifier>0</isQualifier>
   <format> </format>
   <value>   </value>
  </field>
  <field>
   <name>VPREI</name>
   <description>
    <standardTitle>Preis (Netto)</standardTitle>
    <standardText> </standardText>
   </description>
   <min>0</min>
   <max>1</max>
   <regularExpression/>
   <type>2</type>
   <minLength>15</minLength>
   <maxLength>15</maxLength>
   <option>0</option>
   <isQualifier>0</isQualifier>
   <format> </format>
   <value>               </value>
  </field>
  <field>
   <name>PEINH</name>
   <description>
    <standardTitle>Preiseinheit</standardTitle>
    <standardText> </standardText>
   </description>
   <min>0</min>
   <max>1</max>
   <regularExpression/>
   <type>2</type>
   <minLength>9</minLength>
   <maxLength>9</maxLength>
   <option>0</option>
   <isQualifier>0</isQualifier>
   <format> </format>
   <value>         </value>
  </field>
  <field>
   <name>NTGEW</name>
   <description>
    <standardTitle>Nettogewicht</standardTitle>
    <standardText> </standardText>
   </description>
   <min>0</min>
   <max>1</max>
   <regularExpression/>
   <type>2</type>
   <minLength>18</minLength>
   <maxLength>18</maxLength>
   <option>0</option>
   <isQualifier>0</isQualifier>
   <format> </format>
   <value>                  </value>
  </field>
  <field>
   <name>GEWEI</name>
   <description>
    <standardTitle>Gewichtseinheit</standardTitle>
    <standardText> </standardText>
   </description>
   <min>0</min>
   <max>1</max>
   <regularExpression/>
   <type>2</type>
   <minLength>3</minLength>
   <maxLength>3</maxLength>
   <option>0</option>
   <isQualifier>0</isQualifier>
   <format> </format>
   <value>   </value>
  </field>
  <field>
   <name>CURCY</name>
   <description>
    <standardTitle>Waehrung</standardTitle>
    <standardText> </standardText>
   </description>
   <min>0</min>
   <max>1</max>
   <regularExpression/>
   <type>2</type>
   <minLength>3</minLength>
   <maxLength>3</maxLength>
   <option>0</option>
   <isQualifier>0</isQualifier>
   <format> </format>
   <value>   </value>
  </field>
  <field>
   <name>BETRG</name>
   <description>
    <standardTitle>Bruttobetrag</standardTitle>
    <standardText> </standardText>
   </description>
   <min>0</min>
   <max>1</max>
   <regularExpression/>
   <type>2</type>
   <minLength>18</minLength>
   <maxLength>18</maxLength>
   <option>0</option>
   <isQualifier>0</isQualifier>
   <format> </format>
   <value>                  </value>
  </field>
  <field>
   <name>CRLF</name>
   <min>1</min>
   <max>1</max>
   <regularExpression/>
   <type>9</type>
   <minLength>2</minLength>
   <maxLength>2</maxLength>
   <option>1</option>
   <isQualifier>0</isQualifier>
   <format> </format>
   <value>0D0A</value>
  </field>
  <record>
   <name>P19</name>
   <min>0</min>
   <max>10</max>
   <option>0</option>
   <field>
    <name>TABNAM</name>
    <min>0</min>
    <max>1</max>
    <regularExpression/>
    <type>12</type>
    <minLength>3</minLength>
    <maxLength>3</maxLength>
    <option>0</option>
    <isQualifier>0</isQualifier>
    <format> </format>
    <value>P19</value>
   </field>
   <field>
    <name>QUALF</name>
    <description>
     <standardTitle>Objektidentifikation (z.B. Ma</standardTitle>
     <standardText> </standardText>
    </description>
    <min>0</min>
    <max>1</max>
    <regularExpression/>
    <type>2</type>
    <minLength>3</minLength>
    <maxLength>3</maxLength>
    <option>0</option>
    <isQualifier>0</isQualifier>
    <format> </format>
    <value>   </value>
   </field>
   <field>
    <name>IDTNR</name>
    <description>
     <standardTitle>Materialidentifikation</standardTitle>
     <standardText> </standardText>
    </description>
    <min>0</min>
    <max>1</max>
    <regularExpression/>
    <type>2</type>
    <minLength>35</minLength>
    <maxLength>35</maxLength>
    <option>0</option>
    <isQualifier>0</isQualifier>
    <format> </format>
    <value>                                   </value>
   </field>
   <field>
    <name>KTEXT</name>
    <description>
     <standardTitle>Kurztext</standardTitle>
     <standardText> </standardText>
    </description>
    <min>0</min>
    <max>1</max>
    <regularExpression/>
    <type>2</type>
    <minLength>70</minLength>
    <maxLength>70</maxLength>
    <option>0</option>
    <isQualifier>0</isQualifier>
    <format> </format>
    <value>                                                                      </value>
   </field>
   <field>
    <name>CRLF</name>
    <min>1</min>
    <max>1</max>
    <regularExpression/>
    <type>9</type>
    <minLength>2</minLength>
    <maxLength>2</maxLength>
    <option>1</option>
    <isQualifier>0</isQualifier>
    <format> </format>
    <value>0D0A</value>
   </field>
  </record>
 </record>
</message>
