<?xml version="1.0" encoding="UTF-8"?>
<message version="6.0">
 <name>INVOIC_UN_D96A_modified</name>
 <kind>4</kind>
 <description>
  <standardTitle>Message claiming payment for goods or services supplied under</standardTitle>
  <standardText> </standardText>
 </description>
 <record>
  <name>UNA</name>
  <min>0</min>
  <max>100000</max>
  <option>0</option>
  <field>
   <name>DELIMITER</name>
   <min>1</min>
   <max>1</max>
   <type>1</type>
   <minLength>6</minLength>
   <maxLength>6</maxLength>
   <option>1</option>
   <format> </format>
   <value>      </value>
  </field>
 </record>
 <record>
  <name>UNB</name>
  <min>1</min>
  <max>100000</max>
  <type>60</type>
  <option>1</option>
  <field>
   <name>S001</name>
   <min>1</min>
   <max>1</max>
   <type>16</type>
   <minLength>5</minLength>
   <maxLength>5</maxLength>
   <option>1</option>
   <format> </format>
   <field>
    <name>0001</name>
    <min>1</min>
    <max>1</max>
    <type>1</type>
    <minLength>4</minLength>
    <maxLength>4</maxLength>
    <option>1</option>
    <format> </format>
    <value>    </value>
   </field>
   <field>
    <name>0002</name>
    <min>1</min>
    <max>1</max>
    <type>3</type>
    <minLength>1</minLength>
    <maxLength>1</maxLength>
    <option>1</option>
    <format> </format>
    <value>0</value>
   </field>
  </field>
  <field>
   <name>S002</name>
   <min>1</min>
   <max>1</max>
   <type>16</type>
   <minLength>0</minLength>
   <maxLength>53</maxLength>
   <option>1</option>
   <format> </format>
   <field>
    <name>0004</name>
    <min>1</min>
    <max>1</max>
    <type>5</type>
    <minLength>0</minLength>
    <maxLength>35</maxLength>
    <option>1</option>
    <format> </format>
    <value> </value>
   </field>
   <field>
    <name>0007</name>
    <min>0</min>
    <max>1</max>
    <type>5</type>
    <minLength>0</minLength>
    <maxLength>4</maxLength>
    <option>0</option>
    <format> </format>
    <value> </value>
   </field>
   <field>
    <name>0008</name>
    <min>0</min>
    <max>1</max>
    <type>5</type>
    <minLength>0</minLength>
    <maxLength>14</maxLength>
    <option>0</option>
    <format> </format>
    <value> </value>
   </field>
  </field>
  <field>
   <name>S003</name>
   <min>1</min>
   <max>1</max>
   <type>16</type>
   <minLength>0</minLength>
   <maxLength>53</maxLength>
   <option>1</option>
   <format> </format>
   <field>
    <name>0010</name>
    <min>1</min>
    <max>1</max>
    <type>5</type>
    <minLength>0</minLength>
    <maxLength>35</maxLength>
    <option>1</option>
    <format> </format>
    <value> </value>
   </field>
   <field>
    <name>0007</name>
    <min>0</min>
    <max>1</max>
    <type>5</type>
    <minLength>0</minLength>
    <maxLength>4</maxLength>
    <option>0</option>
    <format> </format>
    <value> </value>
   </field>
   <field>
    <name>0014</name>
    <min>0</min>
    <max>1</max>
    <type>5</type>
    <minLength>0</minLength>
    <maxLength>14</maxLength>
    <option>0</option>
    <format> </format>
    <value> </value>
   </field>
  </field>
  <field>
   <name>S004</name>
   <min>1</min>
   <max>1</max>
   <type>16</type>
   <minLength>10</minLength>
   <maxLength>10</maxLength>
   <option>1</option>
   <format> </format>
   <field>
    <name>0017</name>
    <min>1</min>
    <max>1</max>
    <type>3</type>
    <minLength>6</minLength>
    <maxLength>6</maxLength>
    <option>1</option>
    <format> </format>
    <value>000000</value>
   </field>
   <field>
    <name>0019</name>
    <min>1</min>
    <max>1</max>
    <type>3</type>
    <minLength>4</minLength>
    <maxLength>4</maxLength>
    <option>1</option>
    <format> </format>
    <value>0000</value>
   </field>
  </field>
  <field>
   <name>0020</name>
   <min>1</min>
   <max>1</max>
   <type>5</type>
   <minLength>0</minLength>
   <maxLength>14</maxLength>
   <option>1</option>
   <idType>3</idType>
   <format> </format>
   <value> </value>
  </field>
  <field>
   <name>S005</name>
   <min>0</min>
   <max>1</max>
   <type>16</type>
   <minLength>0</minLength>
   <maxLength>16</maxLength>
   <option>0</option>
   <format> </format>
   <field>
    <name>0022</name>
    <min>1</min>
    <max>1</max>
    <type>5</type>
    <minLength>0</minLength>
    <maxLength>14</maxLength>
    <option>1</option>
    <format> </format>
    <value> </value>
   </field>
   <field>
    <name>0025</name>
    <min>0</min>
    <max>1</max>
    <type>2</type>
    <minLength>2</minLength>
    <maxLength>2</maxLength>
    <option>0</option>
    <format> </format>
    <value>  </value>
   </field>
  </field>
  <field>
   <name>0026</name>
   <min>0</min>
   <max>1</max>
   <type>5</type>
   <minLength>0</minLength>
   <maxLength>14</maxLength>
   <option>0</option>
   <format> </format>
   <value> </value>
  </field>
  <field>
   <name>0029</name>
   <min>0</min>
   <max>1</max>
   <type>1</type>
   <minLength>1</minLength>
   <maxLength>1</maxLength>
   <option>0</option>
   <format> </format>
   <value> </value>
  </field>
  <field>
   <name>0031</name>
   <min>0</min>
   <max>1</max>
   <type>3</type>
   <minLength>1</minLength>
   <maxLength>1</maxLength>
   <option>0</option>
   <format> </format>
   <value>0</value>
  </field>
  <field>
   <name>0032</name>
   <min>0</min>
   <max>1</max>
   <type>5</type>
   <minLength>0</minLength>
   <maxLength>35</maxLength>
   <option>0</option>
   <format> </format>
   <value> </value>
  </field>
  <field>
   <name>0035</name>
   <min>0</min>
   <max>1</max>
   <type>3</type>
   <minLength>1</minLength>
   <maxLength>1</maxLength>
   <option>0</option>
   <format> </format>
   <value>0</value>
  </field>
  <record>
   <name>UNH</name>
   <description>
    <standardTitle>Nachrichten_Kopfsegment</standardTitle>
    <standardText> </standardText>
   </description>
   <min>1</min>
   <max>9999999</max>
   <type>60</type>
   <option>1</option>
   <field>
    <name>0062</name>
    <description>
     <standardTitle>Nachrichten_Referenznummer</standardTitle>
     <standardText> </standardText>
    </description>
    <min>1</min>
    <max>1</max>
    <type>5</type>
    <minLength>0</minLength>
    <maxLength>14</maxLength>
    <option>1</option>
    <idType>1</idType>
    <format> </format>
    <value> </value>
   </field>
   <field>
    <name>S009</name>
    <description>
     <standardTitle>Nachrichten_Kennung</standardTitle>
     <standardText> </standardText>
    </description>
    <min>1</min>
    <max>1</max>
    <type>16</type>
    <minLength>0</minLength>
    <maxLength>20</maxLength>
    <option>1</option>
    <format> </format>
    <field>
     <name>0065</name>
     <description>
      <standardTitle>Nachrichtentyp_Kennung</standardTitle>
      <standardText> </standardText>
     </description>
     <min>1</min>
     <max>1</max>
     <type>5</type>
     <minLength>0</minLength>
     <maxLength>6</maxLength>
     <option>1</option>
     <format> </format>
     <value> </value>
    </field>
    <field>
     <name>0052</name>
     <description>
      <standardTitle>Versionsnummer des Nachrichtentyps</standardTitle>
      <standardText> </standardText>
     </description>
     <min>1</min>
     <max>1</max>
     <type>5</type>
     <minLength>0</minLength>
     <maxLength>3</maxLength>
     <option>1</option>
     <format> </format>
     <value> </value>
    </field>
    <field>
     <name>0054</name>
     <description>
      <standardTitle>Freigabenummer des Nachrichtentyps</standardTitle>
      <standardText> </standardText>
     </description>
     <min>1</min>
     <max>1</max>
     <type>5</type>
     <minLength>0</minLength>
     <maxLength>3</maxLength>
     <option>1</option>
     <format> </format>
     <value> </value>
    </field>
    <field>
     <name>0051</name>
     <description>
      <standardTitle>Verwaltende Organisation, codiert</standardTitle>
      <standardText> </standardText>
     </description>
     <min>1</min>
     <max>1</max>
     <type>5</type>
     <minLength>0</minLength>
     <maxLength>2</maxLength>
     <option>1</option>
     <format> </format>
     <value> </value>
    </field>
    <field>
     <name>0057</name>
     <description>
      <standardTitle>Anwendungscode der zustundigen Organisation</standardTitle>
      <standardText> </standardText>
     </description>
     <min>0</min>
     <max>1</max>
     <type>5</type>
     <minLength>0</minLength>
     <maxLength>6</maxLength>
     <option>0</option>
     <format> </format>
     <value> </value>
    </field>
   </field>
   <field>
    <name>0068</name>
    <description>
     <standardTitle>Allgemeine Zuordnungs_Referenz</standardTitle>
     <standardText> </standardText>
    </description>
    <min>0</min>
    <max>1</max>
    <type>5</type>
    <minLength>0</minLength>
    <maxLength>35</maxLength>
    <option>0</option>
    <format> </format>
    <value> </value>
   </field>
   <field>
    <name>S010</name>
    <description>
     <standardTitle>Status der ubermittlung</standardTitle>
     <standardText> </standardText>
    </description>
    <min>0</min>
    <max>1</max>
    <type>16</type>
    <minLength>0</minLength>
    <maxLength>3</maxLength>
    <option>0</option>
    <format> </format>
    <field>
     <name>0070</name>
     <description>
      <standardTitle>ubermittlungsfolgenummer</standardTitle>
      <standardText> </standardText>
     </description>
     <min>1</min>
     <max>1</max>
     <type>6</type>
     <minLength>0</minLength>
     <maxLength>2</maxLength>
     <option>1</option>
     <format> </format>
     <value>0</value>
    </field>
    <field>
     <name>0073</name>
     <description>
      <standardTitle>Anzeiger fur erste/letzte Nachricht einer ubermitt</standardTitle>
      <standardText> </standardText>
     </description>
     <min>0</min>
     <max>1</max>
     <type>1</type>
     <minLength>1</minLength>
     <maxLength>1</maxLength>
     <option>0</option>
     <format> </format>
     <value> </value>
    </field>
   </field>
   <record>
    <name>BGM</name>
    <description>
     <standardTitle>BEGINNING OF MESSAGE</standardTitle>
     <standardText> </standardText>
    </description>
    <min>1</min>
    <max>1</max>
    <option>1</option>
    <field>
     <name>C002</name>
     <description>
      <standardTitle>DOCUMENT/MESSAGE NAME</standardTitle>
      <standardText> </standardText>
     </description>
     <min>0</min>
     <max>1</max>
     <type>16</type>
     <minLength>0</minLength>
     <maxLength>44</maxLength>
     <option>0</option>
     <format> </format>
     <field>
      <name>1001</name>
      <description>
       <standardTitle>Document/message name, coded</standardTitle>
       <standardText> </standardText>
      </description>
      <min>0</min>
      <max>1</max>
      <type>5</type>
      <minLength>0</minLength>
      <maxLength>3</maxLength>
      <option>0</option>
      <format> </format>
      <value> </value>
     </field>
     <field>
      <name>1131</name>
      <description>
       <standardTitle>Code list qualifier</standardTitle>
       <standardText> </standardText>
      </description>
      <min>0</min>
      <max>1</max>
      <type>5</type>
      <minLength>0</minLength>
      <maxLength>3</maxLength>
      <option>0</option>
      <format> </format>
      <value> </value>
     </field>
     <field>
      <name>3055</name>
      <description>
       <standardTitle>Code list responsible agency, coded</standardTitle>
       <standardText> </standardText>
      </description>
      <min>0</min>
      <max>1</max>
      <type>5</type>
      <minLength>0</minLength>
      <maxLength>3</maxLength>
      <option>0</option>
      <format> </format>
      <value> </value>
     </field>
     <field>
      <name>1000</name>
      <description>
       <standardTitle>Document/message name</standardTitle>
       <standardText> </standardText>
      </description>
      <min>0</min>
      <max>1</max>
      <type>5</type>
      <minLength>0</minLength>
      <maxLength>35</maxLength>
      <option>0</option>
      <format> </format>
      <value> </value>
     </field>
    </field>
    <field>
     <name>1004</name>
     <description>
      <standardTitle>Document/message number</standardTitle>
      <standardText> </standardText>
     </description>
     <min>0</min>
     <max>1</max>
     <type>5</type>
     <minLength>0</minLength>
     <maxLength>35</maxLength>
     <option>0</option>
     <format> </format>
     <value> </value>
    </field>
    <field>
     <name>1225</name>
     <description>
      <standardTitle>Message function, coded</standardTitle>
      <standardText> </standardText>
     </description>
     <min>0</min>
     <max>1</max>
     <type>5</type>
     <minLength>0</minLength>
     <maxLength>3</maxLength>
     <option>0</option>
     <format> </format>
     <value> </value>
    </field>
    <field>
     <name>4343</name>
     <description>
      <standardTitle>Response type, coded</standardTitle>
      <standardText> </standardText>
     </description>
     <min>0</min>
     <max>1</max>
     <type>5</type>
     <minLength>0</minLength>
     <maxLength>3</maxLength>
     <option>0</option>
     <format> </format>
     <value> </value>
    </field>
   </record>
   <record>
    <name>DTM</name>
    <description>
     <standardTitle>Datum/Uhrzeit/Zeitspanne</standardTitle>
     <standardText> </standardText>
    </description>
    <min>1</min>
    <max>35</max>
    <option>1</option>
    <field>
     <name>C507</name>
     <description>
      <standardTitle>Datum/Uhrzeit/Zeitspanne</standardTitle>
      <standardText> </standardText>
     </description>
     <min>1</min>
     <max>1</max>
     <type>16</type>
     <minLength>0</minLength>
     <maxLength>41</maxLength>
     <option>1</option>
     <format> </format>
     <field>
      <name>2005</name>
      <description>
       <standardTitle>Datum/Uhrzeit/Zeitspanne, Qualifier</standardTitle>
       <standardText> </standardText>
      </description>
      <min>1</min>
      <max>1</max>
      <type>5</type>
      <minLength>0</minLength>
      <maxLength>3</maxLength>
      <option>1</option>
      <format> </format>
      <value> </value>
     </field>
     <field>
      <name>2380</name>
      <description>
       <standardTitle>Datum/Uhrzeit/Zeitspanne</standardTitle>
       <standardText> </standardText>
      </description>
      <min>0</min>
      <max>1</max>
      <type>5</type>
      <minLength>0</minLength>
      <maxLength>35</maxLength>
      <option>0</option>
      <format> </format>
      <value> </value>
     </field>
     <field>
      <name>2379</name>
      <description>
       <standardTitle>Datum/Uhrzeit/Zeitspanne, Formatqualifier</standardTitle>
       <standardText> </standardText>
      </description>
      <min>0</min>
      <max>1</max>
      <type>5</type>
      <minLength>0</minLength>
      <maxLength>3</maxLength>
      <option>0</option>
      <format> </format>
      <value> </value>
     </field>
    </field>
   </record>
   <record>
    <name>NAD</name>
    <description>
     <standardTitle>Name und Anschrift</standardTitle>
     <standardText> </standardText>
    </description>
    <min>1</min>
    <max>-1</max>
    <option>1</option>
    <field>
     <name>3035</name>
     <description>
      <standardTitle>Beteiligter, Qualifier</standardTitle>
      <standardText> </standardText>
     </description>
     <min>1</min>
     <max>1</max>
     <type>5</type>
     <minLength>0</minLength>
     <maxLength>3</maxLength>
     <option>1</option>
     <format> </format>
     <value> </value>
    </field>
    <field>
     <name>C058</name>
     <description>
      <standardTitle>Name und Anschrift</standardTitle>
      <standardText> </standardText>
     </description>
     <min>0</min>
     <max>1</max>
     <type>16</type>
     <minLength>0</minLength>
     <maxLength>70</maxLength>
     <option>0</option>
     <format> </format>
     <field>
      <name>3036</name>
      <description>
       <standardTitle>Name des Beteiligten</standardTitle>
       <standardText> </standardText>
      </description>
      <min>1</min>
      <max>1</max>
      <type>5</type>
      <minLength>0</minLength>
      <maxLength>35</maxLength>
      <option>1</option>
      <format> </format>
      <value> </value>
     </field>
     <field>
      <name>3042</name>
      <description>
       <standardTitle>Straue und Hausnummer/Postfach</standardTitle>
       <standardText> </standardText>
      </description>
      <min>1</min>
      <max>1</max>
      <type>5</type>
      <minLength>0</minLength>
      <maxLength>35</maxLength>
      <option>1</option>
      <format> </format>
      <value> </value>
     </field>
    </field>
    <field>
     <name>3164</name>
     <description>
      <standardTitle>Ort</standardTitle>
      <standardText> </standardText>
     </description>
     <min>0</min>
     <max>1</max>
     <type>5</type>
     <minLength>0</minLength>
     <maxLength>35</maxLength>
     <option>0</option>
     <format> </format>
     <value> </value>
    </field>
    <field>
     <name>3229</name>
     <description>
      <standardTitle>Region/Bundesland, Identifikation</standardTitle>
      <standardText> </standardText>
     </description>
     <min>0</min>
     <max>1</max>
     <type>5</type>
     <minLength>0</minLength>
     <maxLength>9</maxLength>
     <option>0</option>
     <format> </format>
     <value> </value>
    </field>
    <field>
     <name>3251</name>
     <description>
      <standardTitle>Postleitzahl</standardTitle>
      <standardText> </standardText>
     </description>
     <min>0</min>
     <max>1</max>
     <type>5</type>
     <minLength>0</minLength>
     <maxLength>9</maxLength>
     <option>0</option>
     <format> </format>
     <value> </value>
    </field>
    <field>
     <name>3207</name>
     <description>
      <standardTitle>Land, codiert</standardTitle>
      <standardText> </standardText>
     </description>
     <min>0</min>
     <max>1</max>
     <type>5</type>
     <minLength>0</minLength>
     <maxLength>3</maxLength>
     <option>0</option>
     <format> </format>
     <value> </value>
    </field>
   </record>
   <record>
    <name>LIN</name>
    <description>
     <standardTitle>Positionsdaten</standardTitle>
     <standardText> </standardText>
    </description>
    <min>1</min>
    <max>-1</max>
    <option>1</option>
    <field>
     <name>1082</name>
     <description>
      <standardTitle>Positionsnummer</standardTitle>
      <standardText> </standardText>
     </description>
     <min>0</min>
     <max>1</max>
     <type>6</type>
     <minLength>0</minLength>
     <maxLength>6</maxLength>
     <option>0</option>
     <format> </format>
     <value>0</value>
    </field>
    <field>
     <name>7140</name>
     <description>
      <standardTitle>Produkt_/Leistungsnummer</standardTitle>
      <standardText> </standardText>
     </description>
     <min>0</min>
     <max>1</max>
     <type>5</type>
     <minLength>0</minLength>
     <maxLength>35</maxLength>
     <option>0</option>
     <format> </format>
     <value> </value>
    </field>
    <field>
     <name>7009</name>
     <description>
      <standardTitle>Produkt_/Leistungsbeschreibung</standardTitle>
      <standardText> </standardText>
     </description>
     <min>0</min>
     <max>1</max>
     <type>5</type>
     <minLength>0</minLength>
     <maxLength>40</maxLength>
     <option>0</option>
     <format> </format>
     <value> </value>
    </field>
    <record>
     <name>QTY</name>
     <description>
      <standardTitle>Menge</standardTitle>
      <standardText> </standardText>
     </description>
     <min>0</min>
     <max>5</max>
     <option>0</option>
     <field>
      <name>C186</name>
      <description>
       <standardTitle>Mengenangaben</standardTitle>
       <standardText> </standardText>
      </description>
      <min>1</min>
      <max>1</max>
      <type>16</type>
      <minLength>0</minLength>
      <maxLength>21</maxLength>
      <option>1</option>
      <format> </format>
      <field>
       <name>6063</name>
       <description>
        <standardTitle>Menge, Qualifier</standardTitle>
        <standardText> </standardText>
       </description>
       <min>1</min>
       <max>1</max>
       <type>5</type>
       <minLength>0</minLength>
       <maxLength>3</maxLength>
       <option>1</option>
       <format> </format>
       <value> </value>
      </field>
      <field>
       <name>6060</name>
       <description>
        <standardTitle>Menge</standardTitle>
        <standardText> </standardText>
       </description>
       <min>1</min>
       <max>1</max>
       <type>6</type>
       <minLength>0</minLength>
       <maxLength>15</maxLength>
       <option>1</option>
       <format> </format>
       <value>0</value>
      </field>
      <field>
       <name>6411</name>
       <description>
        <standardTitle>Maueinheit, Qualifier</standardTitle>
        <standardText> </standardText>
       </description>
       <min>0</min>
       <max>1</max>
       <type>5</type>
       <minLength>0</minLength>
       <maxLength>3</maxLength>
       <option>0</option>
       <format> </format>
       <value> </value>
      </field>
     </field>
    </record>
    <record>
     <name>MOA</name>
     <description>
      <standardTitle>Geldbetrag</standardTitle>
      <standardText> </standardText>
     </description>
     <min>1</min>
     <max>1</max>
     <option>1</option>
     <field>
      <name>C516</name>
      <description>
       <standardTitle>Geldbetrag</standardTitle>
       <standardText> </standardText>
      </description>
      <min>1</min>
      <max>1</max>
      <type>16</type>
      <minLength>0</minLength>
      <maxLength>30</maxLength>
      <option>1</option>
      <format> </format>
      <field>
       <name>5025</name>
       <description>
        <standardTitle>Geldbetragsart, Qualifier</standardTitle>
        <standardText> </standardText>
       </description>
       <min>1</min>
       <max>1</max>
       <type>5</type>
       <minLength>0</minLength>
       <maxLength>3</maxLength>
       <option>1</option>
       <format> </format>
       <value> </value>
      </field>
      <field>
       <name>5004</name>
       <description>
        <standardTitle>Geldbetrag</standardTitle>
        <standardText> </standardText>
       </description>
       <min>0</min>
       <max>1</max>
       <type>6</type>
       <minLength>0</minLength>
       <maxLength>18</maxLength>
       <option>0</option>
       <format> </format>
       <value>0</value>
      </field>
      <field>
       <name>6345</name>
       <description>
        <standardTitle>Wuhrung, codiert</standardTitle>
        <standardText> </standardText>
       </description>
       <min>0</min>
       <max>1</max>
       <type>5</type>
       <minLength>0</minLength>
       <maxLength>3</maxLength>
       <option>0</option>
       <format> </format>
       <value> </value>
      </field>
      <field>
       <name>6343</name>
       <description>
        <standardTitle>Wuhrung, Qualifier</standardTitle>
        <standardText> </standardText>
       </description>
       <min>0</min>
       <max>1</max>
       <type>5</type>
       <minLength>0</minLength>
       <maxLength>3</maxLength>
       <option>0</option>
       <format> </format>
       <value> </value>
      </field>
      <field>
       <name>4405</name>
       <description>
        <standardTitle>Status, codiert</standardTitle>
        <standardText> </standardText>
       </description>
       <min>0</min>
       <max>1</max>
       <type>5</type>
       <minLength>0</minLength>
       <maxLength>3</maxLength>
       <option>0</option>
       <format> </format>
       <value> </value>
      </field>
     </field>
    </record>
    <record>
     <name>PRI</name>
     <description>
      <standardTitle>Preisangaben</standardTitle>
      <standardText> </standardText>
     </description>
     <min>1</min>
     <max>1</max>
     <option>1</option>
     <field>
      <name>C509</name>
      <description>
       <standardTitle>Preisinformation</standardTitle>
       <standardText> </standardText>
      </description>
      <min>0</min>
      <max>1</max>
      <type>16</type>
      <minLength>0</minLength>
      <maxLength>36</maxLength>
      <option>0</option>
      <format> </format>
      <field>
       <name>5125</name>
       <description>
        <standardTitle>Preis, Qualifier</standardTitle>
        <standardText> </standardText>
       </description>
       <min>1</min>
       <max>1</max>
       <type>5</type>
       <minLength>0</minLength>
       <maxLength>3</maxLength>
       <option>1</option>
       <format> </format>
       <value> </value>
      </field>
      <field>
       <name>5118</name>
       <description>
        <standardTitle>Preis</standardTitle>
        <standardText> </standardText>
       </description>
       <min>0</min>
       <max>1</max>
       <type>6</type>
       <minLength>0</minLength>
       <maxLength>15</maxLength>
       <option>0</option>
       <format> </format>
       <value>0</value>
      </field>
      <field>
       <name>5375</name>
       <description>
        <standardTitle>Preisart, codiert</standardTitle>
        <standardText> </standardText>
       </description>
       <min>0</min>
       <max>1</max>
       <type>5</type>
       <minLength>0</minLength>
       <maxLength>3</maxLength>
       <option>0</option>
       <format> </format>
       <value> </value>
      </field>
      <field>
       <name>5387</name>
       <description>
        <standardTitle>Preisart, Qualifier</standardTitle>
        <standardText> </standardText>
       </description>
       <min>0</min>
       <max>1</max>
       <type>5</type>
       <minLength>0</minLength>
       <maxLength>3</maxLength>
       <option>0</option>
       <format> </format>
       <value> </value>
      </field>
      <field>
       <name>5284</name>
       <description>
        <standardTitle>Preisbasis_Menge</standardTitle>
        <standardText> </standardText>
       </description>
       <min>0</min>
       <max>1</max>
       <type>6</type>
       <minLength>0</minLength>
       <maxLength>9</maxLength>
       <option>0</option>
       <format> </format>
       <value>0</value>
      </field>
      <field>
       <name>6411</name>
       <description>
        <standardTitle>Maueinheit, Qualifier</standardTitle>
        <standardText> </standardText>
       </description>
       <min>0</min>
       <max>1</max>
       <type>5</type>
       <minLength>0</minLength>
       <maxLength>3</maxLength>
       <option>0</option>
       <format> </format>
       <value> </value>
      </field>
     </field>
     <field>
      <name>5213</name>
      <description>
       <standardTitle>Preisbezug zur Unterposition, codiert</standardTitle>
       <standardText> </standardText>
      </description>
      <min>0</min>
      <max>1</max>
      <type>5</type>
      <minLength>0</minLength>
      <maxLength>3</maxLength>
      <option>0</option>
      <format> </format>
      <value> </value>
     </field>
    </record>
   </record>
   <record>
    <name>MOA</name>
    <description>
     <standardTitle>Geldbetrag</standardTitle>
     <standardText> </standardText>
    </description>
    <min>1</min>
    <max>1</max>
    <option>1</option>
    <field>
     <name>C516</name>
     <description>
      <standardTitle>Geldbetrag</standardTitle>
      <standardText> </standardText>
     </description>
     <min>1</min>
     <max>1</max>
     <type>16</type>
     <minLength>0</minLength>
     <maxLength>30</maxLength>
     <option>1</option>
     <format> </format>
     <field>
      <name>5025</name>
      <description>
       <standardTitle>Geldbetragsart, Qualifier</standardTitle>
       <standardText> </standardText>
      </description>
      <min>1</min>
      <max>1</max>
      <type>5</type>
      <minLength>0</minLength>
      <maxLength>3</maxLength>
      <option>1</option>
      <format> </format>
      <value> </value>
     </field>
     <field>
      <name>5004</name>
      <description>
       <standardTitle>Geldbetrag</standardTitle>
       <standardText> </standardText>
      </description>
      <min>0</min>
      <max>1</max>
      <type>6</type>
      <minLength>0</minLength>
      <maxLength>18</maxLength>
      <option>0</option>
      <format> </format>
      <value>0</value>
     </field>
     <field>
      <name>6345</name>
      <description>
       <standardTitle>Wuhrung, codiert</standardTitle>
       <standardText> </standardText>
      </description>
      <min>0</min>
      <max>1</max>
      <type>5</type>
      <minLength>0</minLength>
      <maxLength>3</maxLength>
      <option>0</option>
      <format> </format>
      <value> </value>
     </field>
     <field>
      <name>6343</name>
      <description>
       <standardTitle>Wuhrung, Qualifier</standardTitle>
       <standardText> </standardText>
      </description>
      <min>0</min>
      <max>1</max>
      <type>5</type>
      <minLength>0</minLength>
      <maxLength>3</maxLength>
      <option>0</option>
      <format> </format>
      <value> </value>
     </field>
     <field>
      <name>4405</name>
      <description>
       <standardTitle>Status, codiert</standardTitle>
       <standardText> </standardText>
      </description>
      <min>0</min>
      <max>1</max>
      <type>5</type>
      <minLength>0</minLength>
      <maxLength>3</maxLength>
      <option>0</option>
      <format> </format>
      <value> </value>
     </field>
    </field>
   </record>
   <record>
    <name>UNT</name>
    <description>
     <standardTitle>Nachrichten_Endesegment</standardTitle>
     <standardText> </standardText>
    </description>
    <min>1</min>
    <max>1</max>
    <option>1</option>
    <field>
     <name>0074</name>
     <description>
      <standardTitle>Anzahl Segmente der Nachricht</standardTitle>
      <standardText> </standardText>
     </description>
     <min>1</min>
     <max>1</max>
     <type>6</type>
     <minLength>0</minLength>
     <maxLength>6</maxLength>
     <option>1</option>
     <format> </format>
     <value>0</value>
     <countedRecord>ALL</countedRecord>
     <resetRecord>UNH</resetRecord>
     <resetRecord>UNB</resetRecord>
    </field>
    <field>
     <name>0062</name>
     <description>
      <standardTitle>Nachrichten_Referenznummer</standardTitle>
      <standardText> </standardText>
     </description>
     <min>1</min>
     <max>1</max>
     <type>5</type>
     <minLength>0</minLength>
     <maxLength>14</maxLength>
     <option>1</option>
     <format> </format>
     <value> </value>
    </field>
   </record>
  </record>
  <record>
   <name>UNZ</name>
   <min>1</min>
   <max>1</max>
   <type>61</type>
   <option>1</option>
   <field>
    <name>0036</name>
    <min>1</min>
    <max>1</max>
    <type>6</type>
    <minLength>0</minLength>
    <maxLength>6</maxLength>
    <option>1</option>
    <format> </format>
    <value>0</value>
    <countedRecord>UNH</countedRecord>
    <resetRecord>UNB</resetRecord>
   </field>
   <field>
    <name>0020</name>
    <min>1</min>
    <max>1</max>
    <type>5</type>
    <minLength>0</minLength>
    <maxLength>14</maxLength>
    <option>1</option>
    <format> </format>
    <value> </value>
   </field>
  </record>
 </record>
</message>
