<?xml version="1.0" encoding="UTF-8"?>
<message version="6.1">
 <name>ORDHDR</name>
 <kind>8</kind>
 <record>
  <name>STX</name>
  <description>
   <standardTitle>Start of Transmission</standardTitle>
  </description>
  <min>1</min>
  <max>1</max>
  <type>60</type>
  <option>1</option>
  <field>
   <name>STDS</name>
   <description>
    <standardTitle>Syntax Rules Identifier</standardTitle>
   </description>
   <min>1</min>
   <max>1</max>
   <regularExpression/>
   <type>16</type>
   <minLength>2</minLength>
   <maxLength>5</maxLength>
   <option>1</option>
   <isQualifier>0</isQualifier>
   <field>
    <name>STD1</name>
    <description>
     <standardTitle>Identifier</standardTitle>
    </description>
    <min>1</min>
    <max>1</max>
    <regularExpression/>
    <type>5</type>
    <minLength>1</minLength>
    <maxLength>4</maxLength>
    <option>1</option>
    <isQualifier>0</isQualifier>
    <value> </value>
   </field>
   <field>
    <name>STD2</name>
    <description>
     <standardTitle>Version</standardTitle>
    </description>
    <min>1</min>
    <max>1</max>
    <regularExpression/>
    <type>3</type>
    <minLength>1</minLength>
    <maxLength>1</maxLength>
    <option>1</option>
    <isQualifier>0</isQualifier>
    <value>0</value>
   </field>
  </field>
  <field>
   <name>FROM</name>
   <description>
    <standardTitle>Identification of Transmission Sender</standardTitle>
   </description>
   <min>1</min>
   <max>1</max>
   <regularExpression/>
   <type>16</type>
   <minLength>0</minLength>
   <maxLength>49</maxLength>
   <option>1</option>
   <isQualifier>0</isQualifier>
   <field>
    <name>FRO1</name>
    <description>
     <standardTitle>Code</standardTitle>
    </description>
    <min>0</min>
    <max>1</max>
    <regularExpression/>
    <type>5</type>
    <minLength>1</minLength>
    <maxLength>14</maxLength>
    <option>0</option>
    <isQualifier>0</isQualifier>
    <value> </value>
   </field>
   <field>
    <name>FRO2</name>
    <description>
     <standardTitle>Name</standardTitle>
    </description>
    <min>0</min>
    <max>1</max>
    <regularExpression/>
    <type>5</type>
    <minLength>1</minLength>
    <maxLength>35</maxLength>
    <option>0</option>
    <isQualifier>0</isQualifier>
    <value> </value>
   </field>
  </field>
  <field>
   <name>UNTO</name>
   <description>
    <standardTitle>Identification of Transmission Recipient</standardTitle>
   </description>
   <min>1</min>
   <max>1</max>
   <regularExpression/>
   <type>16</type>
   <minLength>0</minLength>
   <maxLength>49</maxLength>
   <option>1</option>
   <isQualifier>0</isQualifier>
   <field>
    <name>UNT1</name>
    <description>
     <standardTitle>Code</standardTitle>
    </description>
    <min>0</min>
    <max>1</max>
    <regularExpression/>
    <type>5</type>
    <minLength>1</minLength>
    <maxLength>14</maxLength>
    <option>0</option>
    <isQualifier>0</isQualifier>
    <value> </value>
   </field>
   <field>
    <name>UNT2</name>
    <description>
     <standardTitle>Name</standardTitle>
    </description>
    <min>0</min>
    <max>1</max>
    <regularExpression/>
    <type>5</type>
    <minLength>1</minLength>
    <maxLength>35</maxLength>
    <option>0</option>
    <isQualifier>0</isQualifier>
    <value> </value>
   </field>
  </field>
  <field>
   <name>TRDT</name>
   <description>
    <standardTitle>Date and Time of Transmission</standardTitle>
   </description>
   <min>1</min>
   <max>1</max>
   <regularExpression/>
   <type>16</type>
   <minLength>6</minLength>
   <maxLength>12</maxLength>
   <option>1</option>
   <isQualifier>0</isQualifier>
   <field>
    <name>TRD1</name>
    <description>
     <standardTitle>Date</standardTitle>
    </description>
    <min>1</min>
    <max>1</max>
    <regularExpression/>
    <type>3</type>
    <minLength>6</minLength>
    <maxLength>6</maxLength>
    <option>1</option>
    <isQualifier>0</isQualifier>
    <value>000000</value>
   </field>
   <field>
    <name>TRD2</name>
    <description>
     <standardTitle>Time</standardTitle>
    </description>
    <min>0</min>
    <max>1</max>
    <regularExpression/>
    <type>3</type>
    <minLength>6</minLength>
    <maxLength>6</maxLength>
    <option>0</option>
    <isQualifier>0</isQualifier>
    <value>000000</value>
   </field>
  </field>
  <field>
   <name>SNRF</name>
   <description>
    <standardTitle>Sender's Transmission Reference</standardTitle>
   </description>
   <min>1</min>
   <max>1</max>
   <regularExpression/>
   <type>5</type>
   <minLength>1</minLength>
   <maxLength>14</maxLength>
   <option>1</option>
   <idType>3</idType>
   <isQualifier>0</isQualifier>
   <value> </value>
  </field>
  <field>
   <name>RCRF</name>
   <description>
    <standardTitle>Recipient's Transmission Reference</standardTitle>
   </description>
   <min>0</min>
   <max>1</max>
   <regularExpression/>
   <type>5</type>
   <minLength>1</minLength>
   <maxLength>14</maxLength>
   <option>0</option>
   <isQualifier>0</isQualifier>
   <value> </value>
  </field>
  <field>
   <name>APRF</name>
   <description>
    <standardTitle>Application Reference</standardTitle>
   </description>
   <min>0</min>
   <max>1</max>
   <regularExpression/>
   <type>5</type>
   <minLength>1</minLength>
   <maxLength>14</maxLength>
   <option>0</option>
   <isQualifier>0</isQualifier>
   <value> </value>
  </field>
  <field>
   <name>PRCD</name>
   <description>
    <standardTitle>Transmission Priority Code</standardTitle>
   </description>
   <min>0</min>
   <max>1</max>
   <regularExpression/>
   <type>5</type>
   <minLength>1</minLength>
   <maxLength>1</maxLength>
   <option>0</option>
   <isQualifier>0</isQualifier>
   <value> </value>
  </field>
  <record>
   <name>ORDHDR</name>
   <description>
    <standardTitle>Order File Header</standardTitle>
   </description>
   <min>1</min>
   <max>1</max>
   <option>1</option>
   <virtual>1</virtual>
   <record>
    <name>MHD_ORDHDR</name>
    <description>
     <standardTitle>MESSAGE HEADER</standardTitle>
    </description>
    <min>1</min>
    <max>1</max>
    <option>1</option>
    <field>
     <name>MSRF</name>
     <description>
      <standardTitle>Message Reference</standardTitle>
     </description>
     <min>1</min>
     <max>1</max>
     <regularExpression/>
     <type>6</type>
     <minLength>1</minLength>
     <maxLength>12</maxLength>
     <option>1</option>
     <idType>1</idType>
     <isQualifier>0</isQualifier>
     <value>0</value>
    </field>
    <field>
     <name>TYPE</name>
     <description>
      <standardTitle>Type of Message</standardTitle>
     </description>
     <min>1</min>
     <max>1</max>
     <regularExpression/>
     <type>16</type>
     <minLength>7</minLength>
     <maxLength>7</maxLength>
     <option>1</option>
     <isQualifier>0</isQualifier>
     <field>
      <name>TYPE1</name>
      <description>
       <standardTitle>Type</standardTitle>
      </description>
      <min>1</min>
      <max>1</max>
      <regularExpression/>
      <type>12</type>
      <minLength>6</minLength>
      <maxLength>6</maxLength>
      <option>1</option>
      <isQualifier>0</isQualifier>
      <value>ORDHDR</value>
     </field>
     <field>
      <name>TYPE2</name>
      <description>
       <standardTitle>Version Number</standardTitle>
      </description>
      <min>1</min>
      <max>1</max>
      <regularExpression/>
      <type>5</type>
      <minLength>1</minLength>
      <maxLength>1</maxLength>
      <option>1</option>
      <isQualifier>0</isQualifier>
      <value> </value>
     </field>
    </field>
    <record>
     <name>TYP</name>
     <description>
      <standardTitle>TRANSACTION TYPE DETAILS</standardTitle>
     </description>
     <min>1</min>
     <max>1</max>
     <option>1</option>
     <field>
      <name>TCDE</name>
      <description>
       <standardTitle>Transaction Code</standardTitle>
      </description>
      <min>1</min>
      <max>1</max>
      <regularExpression/>
      <type>5</type>
      <minLength>4</minLength>
      <maxLength>4</maxLength>
      <option>1</option>
      <isQualifier>0</isQualifier>
      <value>    </value>
     </field>
     <field>
      <name>TTYP</name>
      <description>
       <standardTitle>Transaction Type</standardTitle>
      </description>
      <min>0</min>
      <max>1</max>
      <regularExpression/>
      <type>5</type>
      <minLength>1</minLength>
      <maxLength>12</maxLength>
      <option>0</option>
      <isQualifier>0</isQualifier>
      <value> </value>
     </field>
    </record>
    <record>
     <name>SDT</name>
     <description>
      <standardTitle>SUPPLIER DETAILS</standardTitle>
     </description>
     <min>1</min>
     <max>1</max>
     <option>1</option>
     <field>
      <name>SIDN</name>
      <description>
       <standardTitle>Supplier's Identity</standardTitle>
      </description>
      <min>1</min>
      <max>1</max>
      <regularExpression/>
      <type>16</type>
      <minLength>0</minLength>
      <maxLength>30</maxLength>
      <option>1</option>
      <isQualifier>0</isQualifier>
      <field>
       <name>SID1</name>
       <description>
        <standardTitle>Supplier's EAN Location Number</standardTitle>
       </description>
       <min>0</min>
       <max>1</max>
       <regularExpression/>
       <type>3</type>
       <minLength>13</minLength>
       <maxLength>13</maxLength>
       <option>0</option>
       <isQualifier>0</isQualifier>
       <value>0000000000000</value>
      </field>
      <field>
       <name>SID2</name>
       <description>
        <standardTitle>Supplier's Identity Allocated by  Customer</standardTitle>
       </description>
       <min>0</min>
       <max>1</max>
       <regularExpression/>
       <type>5</type>
       <minLength>1</minLength>
       <maxLength>17</maxLength>
       <option>0</option>
       <isQualifier>0</isQualifier>
       <value> </value>
      </field>
     </field>
     <field>
      <name>SNAM</name>
      <description>
       <standardTitle>Supplier's Name</standardTitle>
      </description>
      <min>0</min>
      <max>1</max>
      <regularExpression/>
      <type>5</type>
      <minLength>1</minLength>
      <maxLength>40</maxLength>
      <option>0</option>
      <isQualifier>0</isQualifier>
      <value> </value>
     </field>
     <field>
      <name>SADD</name>
      <description>
       <standardTitle>Supplier's Address</standardTitle>
      </description>
      <min>0</min>
      <max>1</max>
      <regularExpression/>
      <type>16</type>
      <minLength>0</minLength>
      <maxLength>148</maxLength>
      <option>0</option>
      <isQualifier>0</isQualifier>
      <field>
       <name>SAD1</name>
       <description>
        <standardTitle>Supplier's Address Line 1</standardTitle>
       </description>
       <min>0</min>
       <max>1</max>
       <regularExpression/>
       <type>5</type>
       <minLength>1</minLength>
       <maxLength>35</maxLength>
       <option>0</option>
       <isQualifier>0</isQualifier>
       <value> </value>
      </field>
      <field>
       <name>SAD2</name>
       <description>
        <standardTitle>Supplier's Address Line 2</standardTitle>
       </description>
       <min>0</min>
       <max>1</max>
       <regularExpression/>
       <type>5</type>
       <minLength>1</minLength>
       <maxLength>35</maxLength>
       <option>0</option>
       <isQualifier>0</isQualifier>
       <value> </value>
      </field>
      <field>
       <name>SAD3</name>
       <description>
        <standardTitle>Supplier's Address Line 3</standardTitle>
       </description>
       <min>0</min>
       <max>1</max>
       <regularExpression/>
       <type>5</type>
       <minLength>1</minLength>
       <maxLength>35</maxLength>
       <option>0</option>
       <isQualifier>0</isQualifier>
       <value> </value>
      </field>
      <field>
       <name>SAD4</name>
       <description>
        <standardTitle>Supplier's Address Line 4</standardTitle>
       </description>
       <min>0</min>
       <max>1</max>
       <regularExpression/>
       <type>5</type>
       <minLength>1</minLength>
       <maxLength>35</maxLength>
       <option>0</option>
       <isQualifier>0</isQualifier>
       <value> </value>
      </field>
      <field>
       <name>SAD5</name>
       <description>
        <standardTitle>Supplier's Post Code</standardTitle>
       </description>
       <min>0</min>
       <max>1</max>
       <regularExpression/>
       <type>5</type>
       <minLength>1</minLength>
       <maxLength>8</maxLength>
       <option>0</option>
       <isQualifier>0</isQualifier>
       <value> </value>
      </field>
     </field>
     <field>
      <name>VATN</name>
      <description>
       <standardTitle>Supplier's VAT Registration Number</standardTitle>
      </description>
      <min>0</min>
      <max>1</max>
      <regularExpression/>
      <type>16</type>
      <minLength>0</minLength>
      <maxLength>26</maxLength>
      <option>0</option>
      <isQualifier>0</isQualifier>
      <field>
       <name>VAT1</name>
       <description>
        <standardTitle>Numeric VAT Registration Number</standardTitle>
       </description>
       <min>0</min>
       <max>1</max>
       <regularExpression/>
       <type>3</type>
       <minLength>9</minLength>
       <maxLength>9</maxLength>
       <option>0</option>
       <isQualifier>0</isQualifier>
       <value>000000000</value>
      </field>
      <field>
       <name>VAT2</name>
       <description>
        <standardTitle>Alphanumeric VAT Registration  Number</standardTitle>
       </description>
       <min>0</min>
       <max>1</max>
       <regularExpression/>
       <type>5</type>
       <minLength>1</minLength>
       <maxLength>17</maxLength>
       <option>0</option>
       <isQualifier>0</isQualifier>
       <value> </value>
      </field>
     </field>
    </record>
    <record>
     <name>CDT</name>
     <description>
      <standardTitle>CUSTOMER DETAILS</standardTitle>
     </description>
     <min>1</min>
     <max>1</max>
     <option>1</option>
     <field>
      <name>CIDN</name>
      <description>
       <standardTitle>Customer's Identity</standardTitle>
      </description>
      <min>1</min>
      <max>1</max>
      <regularExpression/>
      <type>16</type>
      <minLength>0</minLength>
      <maxLength>30</maxLength>
      <option>1</option>
      <isQualifier>0</isQualifier>
      <field>
       <name>CID1</name>
       <description>
        <standardTitle>Customer's EAN Location Number</standardTitle>
       </description>
       <min>0</min>
       <max>1</max>
       <regularExpression/>
       <type>3</type>
       <minLength>13</minLength>
       <maxLength>13</maxLength>
       <option>0</option>
       <isQualifier>0</isQualifier>
       <value>0000000000000</value>
      </field>
      <field>
       <name>CID2</name>
       <description>
        <standardTitle>Customer's Identity Allocated by  Supplier</standardTitle>
       </description>
       <min>0</min>
       <max>1</max>
       <regularExpression/>
       <type>5</type>
       <minLength>1</minLength>
       <maxLength>17</maxLength>
       <option>0</option>
       <isQualifier>0</isQualifier>
       <value> </value>
      </field>
     </field>
     <field>
      <name>CNAM</name>
      <description>
       <standardTitle>Customer's Name</standardTitle>
      </description>
      <min>0</min>
      <max>1</max>
      <regularExpression/>
      <type>5</type>
      <minLength>1</minLength>
      <maxLength>40</maxLength>
      <option>0</option>
      <isQualifier>0</isQualifier>
      <value> </value>
     </field>
     <field>
      <name>CADD</name>
      <description>
       <standardTitle>Customer's Address</standardTitle>
      </description>
      <min>0</min>
      <max>1</max>
      <regularExpression/>
      <type>16</type>
      <minLength>0</minLength>
      <maxLength>148</maxLength>
      <option>0</option>
      <isQualifier>0</isQualifier>
      <field>
       <name>CAD1</name>
       <description>
        <standardTitle>Customer's Address Line 1</standardTitle>
       </description>
       <min>0</min>
       <max>1</max>
       <regularExpression/>
       <type>5</type>
       <minLength>1</minLength>
       <maxLength>35</maxLength>
       <option>0</option>
       <isQualifier>0</isQualifier>
       <value> </value>
      </field>
      <field>
       <name>CAD2</name>
       <description>
        <standardTitle>Customer's Address Line 2</standardTitle>
       </description>
       <min>0</min>
       <max>1</max>
       <regularExpression/>
       <type>5</type>
       <minLength>1</minLength>
       <maxLength>35</maxLength>
       <option>0</option>
       <isQualifier>0</isQualifier>
       <value> </value>
      </field>
      <field>
       <name>CAD3</name>
       <description>
        <standardTitle>Customer's Address Line 3</standardTitle>
       </description>
       <min>0</min>
       <max>1</max>
       <regularExpression/>
       <type>5</type>
       <minLength>1</minLength>
       <maxLength>35</maxLength>
       <option>0</option>
       <isQualifier>0</isQualifier>
       <value> </value>
      </field>
      <field>
       <name>CAD4</name>
       <description>
        <standardTitle>Customer's Address Line 4</standardTitle>
       </description>
       <min>0</min>
       <max>1</max>
       <regularExpression/>
       <type>5</type>
       <minLength>1</minLength>
       <maxLength>35</maxLength>
       <option>0</option>
       <isQualifier>0</isQualifier>
       <value> </value>
      </field>
      <field>
       <name>CAD5</name>
       <description>
        <standardTitle>Customer's Post Code</standardTitle>
       </description>
       <min>0</min>
       <max>1</max>
       <regularExpression/>
       <type>5</type>
       <minLength>1</minLength>
       <maxLength>8</maxLength>
       <option>0</option>
       <isQualifier>0</isQualifier>
       <value> </value>
      </field>
     </field>
     <field>
      <name>VATR</name>
      <description>
       <standardTitle>Customer's VAT Registration Number</standardTitle>
      </description>
      <min>0</min>
      <max>1</max>
      <regularExpression/>
      <type>16</type>
      <minLength>0</minLength>
      <maxLength>26</maxLength>
      <option>0</option>
      <isQualifier>0</isQualifier>
      <field>
       <name>VAT3</name>
       <description>
        <standardTitle>Numeric VAT Registration Number</standardTitle>
       </description>
       <min>0</min>
       <max>1</max>
       <regularExpression/>
       <type>3</type>
       <minLength>9</minLength>
       <maxLength>9</maxLength>
       <option>0</option>
       <isQualifier>0</isQualifier>
       <value>000000000</value>
      </field>
      <field>
       <name>VAT4</name>
       <description>
        <standardTitle>Alphanumeric VAT Registration  Number</standardTitle>
       </description>
       <min>0</min>
       <max>1</max>
       <regularExpression/>
       <type>5</type>
       <minLength>1</minLength>
       <maxLength>17</maxLength>
       <option>0</option>
       <isQualifier>0</isQualifier>
       <value> </value>
      </field>
     </field>
    </record>
    <record>
     <name>DNA</name>
     <description>
      <standardTitle>DATA NARRATIVE</standardTitle>
     </description>
     <min>0</min>
     <max>-1</max>
     <option>0</option>
     <field>
      <name>SEQA</name>
      <description>
       <standardTitle>First Level Sequence Number</standardTitle>
      </description>
      <min>1</min>
      <max>1</max>
      <regularExpression/>
      <type>6</type>
      <minLength>1</minLength>
      <maxLength>10</maxLength>
      <option>1</option>
      <isQualifier>0</isQualifier>
      <value>0</value>
     </field>
     <field>
      <name>DNAC</name>
      <description>
       <standardTitle>Data Narrative Code</standardTitle>
      </description>
      <min>0</min>
      <max>1</max>
      <regularExpression/>
      <type>16</type>
      <minLength>0</minLength>
      <maxLength>7</maxLength>
      <option>0</option>
      <isQualifier>0</isQualifier>
      <field>
       <name>DNA1</name>
       <description>
        <standardTitle>Code Table Number</standardTitle>
       </description>
       <min>0</min>
       <max>1</max>
       <regularExpression/>
       <type>6</type>
       <minLength>1</minLength>
       <maxLength>4</maxLength>
       <option>0</option>
       <isQualifier>0</isQualifier>
       <value>0</value>
      </field>
      <field>
       <name>DNA2</name>
       <description>
        <standardTitle>Code Value</standardTitle>
       </description>
       <min>0</min>
       <max>1</max>
       <regularExpression/>
       <type>5</type>
       <minLength>1</minLength>
       <maxLength>3</maxLength>
       <option>0</option>
       <isQualifier>0</isQualifier>
       <value> </value>
      </field>
     </field>
     <field>
      <name>RTEX</name>
      <description>
       <standardTitle>Registered Text</standardTitle>
      </description>
      <min>0</min>
      <max>1</max>
      <regularExpression/>
      <type>16</type>
      <minLength>0</minLength>
      <maxLength>172</maxLength>
      <option>0</option>
      <isQualifier>0</isQualifier>
      <field>
       <name>RTE1</name>
       <description>
        <standardTitle>First Registered Application Code</standardTitle>
       </description>
       <min>0</min>
       <max>1</max>
       <regularExpression/>
       <type>5</type>
       <minLength>1</minLength>
       <maxLength>3</maxLength>
       <option>0</option>
       <isQualifier>0</isQualifier>
       <value> </value>
      </field>
      <field>
       <name>RTE2</name>
       <description>
        <standardTitle>Application Text</standardTitle>
       </description>
       <min>0</min>
       <max>1</max>
       <regularExpression/>
       <type>5</type>
       <minLength>1</minLength>
       <maxLength>40</maxLength>
       <option>0</option>
       <isQualifier>0</isQualifier>
       <value> </value>
      </field>
      <field>
       <name>RTE3</name>
       <description>
        <standardTitle>Second Registered Application Code</standardTitle>
       </description>
       <min>0</min>
       <max>1</max>
       <regularExpression/>
       <type>5</type>
       <minLength>1</minLength>
       <maxLength>3</maxLength>
       <option>0</option>
       <isQualifier>0</isQualifier>
       <value> </value>
      </field>
      <field>
       <name>RTE2</name>
       <description>
        <standardTitle>Application Text</standardTitle>
       </description>
       <min>0</min>
       <max>1</max>
       <regularExpression/>
       <type>5</type>
       <minLength>1</minLength>
       <maxLength>40</maxLength>
       <option>0</option>
       <isQualifier>0</isQualifier>
       <number>2</number>
       <value> </value>
      </field>
      <field>
       <name>RTE4</name>
       <description>
        <standardTitle>Third Registered Application Code</standardTitle>
       </description>
       <min>0</min>
       <max>1</max>
       <regularExpression/>
       <type>5</type>
       <minLength>1</minLength>
       <maxLength>3</maxLength>
       <option>0</option>
       <isQualifier>0</isQualifier>
       <value> </value>
      </field>
      <field>
       <name>RTE2</name>
       <description>
        <standardTitle>Application Text</standardTitle>
       </description>
       <min>0</min>
       <max>1</max>
       <regularExpression/>
       <type>5</type>
       <minLength>1</minLength>
       <maxLength>40</maxLength>
       <option>0</option>
       <isQualifier>0</isQualifier>
       <number>3</number>
       <value> </value>
      </field>
      <field>
       <name>RTE5</name>
       <description>
        <standardTitle>Fourth Registered Application Code</standardTitle>
       </description>
       <min>0</min>
       <max>1</max>
       <regularExpression/>
       <type>5</type>
       <minLength>1</minLength>
       <maxLength>3</maxLength>
       <option>0</option>
       <isQualifier>0</isQualifier>
       <value> </value>
      </field>
      <field>
       <name>RTE2</name>
       <description>
        <standardTitle>Application Text</standardTitle>
       </description>
       <min>0</min>
       <max>1</max>
       <regularExpression/>
       <type>5</type>
       <minLength>1</minLength>
       <maxLength>40</maxLength>
       <option>0</option>
       <isQualifier>0</isQualifier>
       <number>4</number>
       <value> </value>
      </field>
     </field>
     <field>
      <name>GNAR</name>
      <description>
       <standardTitle>General Narrative</standardTitle>
      </description>
      <min>0</min>
      <max>1</max>
      <regularExpression/>
      <type>16</type>
      <minLength>0</minLength>
      <maxLength>160</maxLength>
      <option>0</option>
      <isQualifier>0</isQualifier>
      <field>
       <name>GNA1</name>
       <description>
        <standardTitle>General Narrative Line 1</standardTitle>
       </description>
       <min>0</min>
       <max>1</max>
       <regularExpression/>
       <type>5</type>
       <minLength>1</minLength>
       <maxLength>40</maxLength>
       <option>0</option>
       <isQualifier>0</isQualifier>
       <value> </value>
      </field>
      <field>
       <name>GNA2</name>
       <description>
        <standardTitle>General Narrative Line 2</standardTitle>
       </description>
       <min>0</min>
       <max>1</max>
       <regularExpression/>
       <type>5</type>
       <minLength>1</minLength>
       <maxLength>40</maxLength>
       <option>0</option>
       <isQualifier>0</isQualifier>
       <value> </value>
      </field>
      <field>
       <name>GNA3</name>
       <description>
        <standardTitle>General Narrative Line 3</standardTitle>
       </description>
       <min>0</min>
       <max>1</max>
       <regularExpression/>
       <type>5</type>
       <minLength>1</minLength>
       <maxLength>40</maxLength>
       <option>0</option>
       <isQualifier>0</isQualifier>
       <value> </value>
      </field>
      <field>
       <name>GNA4</name>
       <description>
        <standardTitle>General Narrative Line 4</standardTitle>
       </description>
       <min>0</min>
       <max>1</max>
       <regularExpression/>
       <type>5</type>
       <minLength>1</minLength>
       <maxLength>40</maxLength>
       <option>0</option>
       <isQualifier>0</isQualifier>
       <value> </value>
      </field>
     </field>
    </record>
    <record>
     <name>FIL</name>
     <description>
      <standardTitle>FILE DETAILS</standardTitle>
     </description>
     <min>1</min>
     <max>1</max>
     <option>1</option>
     <field>
      <name>FLGN</name>
      <description>
       <standardTitle>File Generation Number</standardTitle>
      </description>
      <min>1</min>
      <max>1</max>
      <regularExpression/>
      <type>6</type>
      <minLength>1</minLength>
      <maxLength>4</maxLength>
      <option>1</option>
      <isQualifier>0</isQualifier>
      <value>0</value>
     </field>
     <field>
      <name>FLVN</name>
      <description>
       <standardTitle>File Version Number</standardTitle>
      </description>
      <min>1</min>
      <max>1</max>
      <regularExpression/>
      <type>6</type>
      <minLength>1</minLength>
      <maxLength>4</maxLength>
      <option>1</option>
      <isQualifier>0</isQualifier>
      <value>0</value>
     </field>
     <field>
      <name>FLDT</name>
      <description>
       <standardTitle>File Creation Date</standardTitle>
      </description>
      <min>1</min>
      <max>1</max>
      <regularExpression/>
      <type>3</type>
      <minLength>6</minLength>
      <maxLength>6</maxLength>
      <option>1</option>
      <isQualifier>0</isQualifier>
      <value>000000</value>
     </field>
     <field>
      <name>FLID</name>
      <description>
       <standardTitle>File (Reel) Identification</standardTitle>
      </description>
      <min>0</min>
      <max>1</max>
      <regularExpression/>
      <type>5</type>
      <minLength>1</minLength>
      <maxLength>6</maxLength>
      <option>0</option>
      <isQualifier>0</isQualifier>
      <value> </value>
     </field>
    </record>
    <record>
     <name>MTR</name>
     <description>
      <standardTitle>MESSAGE TRAILER</standardTitle>
     </description>
     <min>1</min>
     <max>1</max>
     <option>1</option>
     <field>
      <name>NOSG</name>
      <description>
       <standardTitle>Number of Segments</standardTitle>
      </description>
      <min>1</min>
      <max>1</max>
      <regularExpression/>
      <type>6</type>
      <minLength>1</minLength>
      <maxLength>10</maxLength>
      <option>1</option>
      <isQualifier>0</isQualifier>
      <value>0</value>
      <countedRecord>ALL</countedRecord>
      <resetRecord>MHD_ORDHDR</resetRecord>
     </field>
    </record>
   </record>
   <record>
    <name>ORDERS</name>
    <description>
     <standardTitle>Order Details</standardTitle>
    </description>
    <min>1</min>
    <max>-1</max>
    <option>1</option>
    <virtual>1</virtual>
    <record>
     <name>MHD_ORDERS</name>
     <description>
      <standardTitle>MESSAGE HEADER</standardTitle>
     </description>
     <min>1</min>
     <max>1</max>
     <option>1</option>
     <field>
      <name>MSRF</name>
      <description>
       <standardTitle>Message Reference</standardTitle>
      </description>
      <min>1</min>
      <max>1</max>
      <regularExpression/>
      <type>6</type>
      <minLength>1</minLength>
      <maxLength>12</maxLength>
      <option>1</option>
      <idType>1</idType>
      <isQualifier>0</isQualifier>
      <value>0</value>
     </field>
     <field>
      <name>TYPE</name>
      <description>
       <standardTitle>Type of Message</standardTitle>
      </description>
      <min>1</min>
      <max>1</max>
      <regularExpression/>
      <type>16</type>
      <minLength>7</minLength>
      <maxLength>7</maxLength>
      <option>1</option>
      <isQualifier>0</isQualifier>
      <field>
       <name>TYPE1</name>
       <description>
        <standardTitle>Type</standardTitle>
       </description>
       <min>1</min>
       <max>1</max>
       <regularExpression/>
       <type>12</type>
       <minLength>6</minLength>
       <maxLength>6</maxLength>
       <option>1</option>
       <isQualifier>0</isQualifier>
       <value>ORDERS</value>
      </field>
      <field>
       <name>TYPE2</name>
       <description>
        <standardTitle>Version Number</standardTitle>
       </description>
       <min>1</min>
       <max>1</max>
       <regularExpression/>
       <type>5</type>
       <minLength>1</minLength>
       <maxLength>1</maxLength>
       <option>1</option>
       <isQualifier>0</isQualifier>
       <value> </value>
      </field>
     </field>
     <record>
      <name>CLO</name>
      <description>
       <standardTitle>CUSTOMER'S LOCATION</standardTitle>
      </description>
      <min>1</min>
      <max>1</max>
      <option>1</option>
      <field>
       <name>CLOC</name>
       <description>
        <standardTitle>Customer's Location</standardTitle>
       </description>
       <min>1</min>
       <max>1</max>
       <regularExpression/>
       <type>16</type>
       <minLength>0</minLength>
       <maxLength>47</maxLength>
       <option>1</option>
       <isQualifier>0</isQualifier>
       <field>
        <name>CLO7</name>
        <description>
         <standardTitle>Customer's EAN Location Number</standardTitle>
        </description>
        <min>0</min>
        <max>1</max>
        <regularExpression/>
        <type>3</type>
        <minLength>13</minLength>
        <maxLength>13</maxLength>
        <option>0</option>
        <isQualifier>0</isQualifier>
        <value>0000000000000</value>
       </field>
       <field>
        <name>CLO8</name>
        <description>
         <standardTitle>Customer's Own Location Code</standardTitle>
        </description>
        <min>0</min>
        <max>1</max>
        <regularExpression/>
        <type>5</type>
        <minLength>1</minLength>
        <maxLength>17</maxLength>
        <option>0</option>
        <isQualifier>0</isQualifier>
        <value> </value>
       </field>
       <field>
        <name>CLO9</name>
        <description>
         <standardTitle>Supplier's Identification of Customer's  Location</standardTitle>
        </description>
        <min>0</min>
        <max>1</max>
        <regularExpression/>
        <type>5</type>
        <minLength>1</minLength>
        <maxLength>17</maxLength>
        <option>0</option>
        <isQualifier>0</isQualifier>
        <value> </value>
       </field>
      </field>
      <field>
       <name>CNAM</name>
       <description>
        <standardTitle>Customer's Name</standardTitle>
       </description>
       <min>0</min>
       <max>1</max>
       <regularExpression/>
       <type>5</type>
       <minLength>1</minLength>
       <maxLength>40</maxLength>
       <option>0</option>
       <isQualifier>0</isQualifier>
       <value> </value>
      </field>
      <field>
       <name>CADD</name>
       <description>
        <standardTitle>Customer's Address</standardTitle>
       </description>
       <min>0</min>
       <max>1</max>
       <regularExpression/>
       <type>16</type>
       <minLength>0</minLength>
       <maxLength>148</maxLength>
       <option>0</option>
       <isQualifier>0</isQualifier>
       <field>
        <name>CAD1</name>
        <description>
         <standardTitle>Customer's Address Line 1</standardTitle>
        </description>
        <min>0</min>
        <max>1</max>
        <regularExpression/>
        <type>5</type>
        <minLength>1</minLength>
        <maxLength>35</maxLength>
        <option>0</option>
        <isQualifier>0</isQualifier>
        <value> </value>
       </field>
       <field>
        <name>CAD2</name>
        <description>
         <standardTitle>Customer's Address Line 2</standardTitle>
        </description>
        <min>0</min>
        <max>1</max>
        <regularExpression/>
        <type>5</type>
        <minLength>1</minLength>
        <maxLength>35</maxLength>
        <option>0</option>
        <isQualifier>0</isQualifier>
        <value> </value>
       </field>
       <field>
        <name>CAD3</name>
        <description>
         <standardTitle>Customer's Address Line 3</standardTitle>
        </description>
        <min>0</min>
        <max>1</max>
        <regularExpression/>
        <type>5</type>
        <minLength>1</minLength>
        <maxLength>35</maxLength>
        <option>0</option>
        <isQualifier>0</isQualifier>
        <value> </value>
       </field>
       <field>
        <name>CAD4</name>
        <description>
         <standardTitle>Customer's Address Line 4</standardTitle>
        </description>
        <min>0</min>
        <max>1</max>
        <regularExpression/>
        <type>5</type>
        <minLength>1</minLength>
        <maxLength>35</maxLength>
        <option>0</option>
        <isQualifier>0</isQualifier>
        <value> </value>
       </field>
       <field>
        <name>CAD5</name>
        <description>
         <standardTitle>Customer's Post Code</standardTitle>
        </description>
        <min>0</min>
        <max>1</max>
        <regularExpression/>
        <type>5</type>
        <minLength>1</minLength>
        <maxLength>8</maxLength>
        <option>0</option>
        <isQualifier>0</isQualifier>
        <value> </value>
       </field>
      </field>
     </record>
     <record>
      <name>ORD</name>
      <description>
       <standardTitle>ORDER REFERENCES</standardTitle>
      </description>
      <min>1</min>
      <max>1</max>
      <option>1</option>
      <field>
       <name>ORNO</name>
       <description>
        <standardTitle>Order Number and Date</standardTitle>
       </description>
       <min>1</min>
       <max>1</max>
       <regularExpression/>
       <type>16</type>
       <minLength>0</minLength>
       <maxLength>46</maxLength>
       <option>1</option>
       <isQualifier>0</isQualifier>
       <field>
        <name>ORN1</name>
        <description>
         <standardTitle>Customer's Order Number</standardTitle>
        </description>
        <min>0</min>
        <max>1</max>
        <regularExpression/>
        <type>5</type>
        <minLength>1</minLength>
        <maxLength>17</maxLength>
        <option>0</option>
        <isQualifier>0</isQualifier>
        <value> </value>
       </field>
       <field>
        <name>ORN2</name>
        <description>
         <standardTitle>Supplier's Order Number</standardTitle>
        </description>
        <min>0</min>
        <max>1</max>
        <regularExpression/>
        <type>5</type>
        <minLength>1</minLength>
        <maxLength>17</maxLength>
        <option>0</option>
        <isQualifier>0</isQualifier>
        <value> </value>
       </field>
       <field>
        <name>ORN3</name>
        <description>
         <standardTitle>Date Order Placed by Customer</standardTitle>
        </description>
        <min>0</min>
        <max>1</max>
        <regularExpression/>
        <type>3</type>
        <minLength>6</minLength>
        <maxLength>6</maxLength>
        <option>0</option>
        <isQualifier>0</isQualifier>
        <value>000000</value>
       </field>
       <field>
        <name>ORN4</name>
        <description>
         <standardTitle>Date Order Received by Supplier</standardTitle>
        </description>
        <min>0</min>
        <max>1</max>
        <regularExpression/>
        <type>3</type>
        <minLength>6</minLength>
        <maxLength>6</maxLength>
        <option>0</option>
        <isQualifier>0</isQualifier>
        <value>000000</value>
       </field>
      </field>
      <field>
       <name>CLAS</name>
       <description>
        <standardTitle>Order Classification</standardTitle>
       </description>
       <min>0</min>
       <max>1</max>
       <regularExpression/>
       <type>5</type>
       <minLength>1</minLength>
       <maxLength>1</maxLength>
       <option>0</option>
       <isQualifier>0</isQualifier>
       <value> </value>
      </field>
      <field>
       <name>ORCD</name>
       <description>
        <standardTitle>Order Code</standardTitle>
       </description>
       <min>0</min>
       <max>1</max>
       <regularExpression/>
       <type>5</type>
       <minLength>1</minLength>
       <maxLength>1</maxLength>
       <option>0</option>
       <isQualifier>0</isQualifier>
       <value> </value>
      </field>
      <field>
       <name>SCRF</name>
       <description>
        <standardTitle>Specification/Contract References</standardTitle>
       </description>
       <min>0</min>
       <max>1</max>
       <regularExpression/>
       <type>16</type>
       <minLength>0</minLength>
       <maxLength>34</maxLength>
       <option>0</option>
       <isQualifier>0</isQualifier>
       <field>
        <name>SCR1</name>
        <description>
         <standardTitle>Specification Number</standardTitle>
        </description>
        <min>0</min>
        <max>1</max>
        <regularExpression/>
        <type>5</type>
        <minLength>1</minLength>
        <maxLength>17</maxLength>
        <option>0</option>
        <isQualifier>0</isQualifier>
        <value> </value>
       </field>
       <field>
        <name>SCR2</name>
        <description>
         <standardTitle>Contract Number</standardTitle>
        </description>
        <min>0</min>
        <max>1</max>
        <regularExpression/>
        <type>5</type>
        <minLength>1</minLength>
        <maxLength>17</maxLength>
        <option>0</option>
        <isQualifier>0</isQualifier>
        <value> </value>
       </field>
      </field>
     </record>
     <record>
      <name>DIN</name>
      <description>
       <standardTitle>DELIVERY INSTRUCTIONS</standardTitle>
      </description>
      <min>0</min>
      <max>1</max>
      <option>0</option>
      <field>
       <name>EDAT</name>
       <description>
        <standardTitle>Earliest Delivery Date</standardTitle>
       </description>
       <min>0</min>
       <max>1</max>
       <regularExpression/>
       <type>3</type>
       <minLength>6</minLength>
       <maxLength>6</maxLength>
       <option>0</option>
       <isQualifier>0</isQualifier>
       <value>000000</value>
      </field>
      <field>
       <name>LDAT</name>
       <description>
        <standardTitle>Latest Delivery Date</standardTitle>
       </description>
       <min>0</min>
       <max>1</max>
       <regularExpression/>
       <type>3</type>
       <minLength>6</minLength>
       <maxLength>6</maxLength>
       <option>0</option>
       <isQualifier>0</isQualifier>
       <value>000000</value>
      </field>
      <field>
       <name>RATM</name>
       <description>
        <standardTitle>Required Arrival Time</standardTitle>
       </description>
       <min>0</min>
       <max>1</max>
       <regularExpression/>
       <type>16</type>
       <minLength>0</minLength>
       <maxLength>8</maxLength>
       <option>0</option>
       <isQualifier>0</isQualifier>
       <field>
        <name>RAT1</name>
        <description>
         <standardTitle>Earliest Time</standardTitle>
        </description>
        <min>0</min>
        <max>1</max>
        <regularExpression/>
        <type>3</type>
        <minLength>4</minLength>
        <maxLength>4</maxLength>
        <option>0</option>
        <isQualifier>0</isQualifier>
        <value>0000</value>
       </field>
       <field>
        <name>RAT2</name>
        <description>
         <standardTitle>Latest Time</standardTitle>
        </description>
        <min>0</min>
        <max>1</max>
        <regularExpression/>
        <type>3</type>
        <minLength>4</minLength>
        <maxLength>4</maxLength>
        <option>0</option>
        <isQualifier>0</isQualifier>
        <value>0000</value>
       </field>
      </field>
      <field>
       <name>DINS</name>
       <description>
        <standardTitle>Delivery Instruction Narrative</standardTitle>
       </description>
       <min>0</min>
       <max>1</max>
       <regularExpression/>
       <type>16</type>
       <minLength>0</minLength>
       <maxLength>160</maxLength>
       <option>0</option>
       <isQualifier>0</isQualifier>
       <field>
        <name>DIN1</name>
        <description>
         <standardTitle>Delivery Instruction Narrative Line 1</standardTitle>
        </description>
        <min>0</min>
        <max>1</max>
        <regularExpression/>
        <type>5</type>
        <minLength>1</minLength>
        <maxLength>40</maxLength>
        <option>0</option>
        <isQualifier>0</isQualifier>
        <value> </value>
       </field>
       <field>
        <name>DIN2</name>
        <description>
         <standardTitle>Delivery Instruction Narrative Line 2</standardTitle>
        </description>
        <min>0</min>
        <max>1</max>
        <regularExpression/>
        <type>5</type>
        <minLength>1</minLength>
        <maxLength>40</maxLength>
        <option>0</option>
        <isQualifier>0</isQualifier>
        <value> </value>
       </field>
       <field>
        <name>DIN3</name>
        <description>
         <standardTitle>Delivery Instruction Narrative Line 3</standardTitle>
        </description>
        <min>0</min>
        <max>1</max>
        <regularExpression/>
        <type>5</type>
        <minLength>1</minLength>
        <maxLength>40</maxLength>
        <option>0</option>
        <isQualifier>0</isQualifier>
        <value> </value>
       </field>
       <field>
        <name>DIN4</name>
        <description>
         <standardTitle>Delivery Instruction Narrative Line 4</standardTitle>
        </description>
        <min>0</min>
        <max>1</max>
        <regularExpression/>
        <type>5</type>
        <minLength>1</minLength>
        <maxLength>40</maxLength>
        <option>0</option>
        <isQualifier>0</isQualifier>
        <value> </value>
       </field>
      </field>
      <field>
       <name>DINN</name>
       <description>
        <standardTitle>Delivery Instruction Number</standardTitle>
       </description>
       <min>0</min>
       <max>1</max>
       <regularExpression/>
       <type>5</type>
       <minLength>1</minLength>
       <maxLength>17</maxLength>
       <option>0</option>
       <isQualifier>0</isQualifier>
       <value> </value>
      </field>
     </record>
     <record>
      <name>DNA</name>
      <description>
       <standardTitle>DATA NARRATIVE</standardTitle>
      </description>
      <min>0</min>
      <max>-1</max>
      <option>0</option>
      <field>
       <name>SEQA</name>
       <description>
        <standardTitle>First Level Sequence Number</standardTitle>
       </description>
       <min>1</min>
       <max>1</max>
       <regularExpression/>
       <type>6</type>
       <minLength>1</minLength>
       <maxLength>10</maxLength>
       <option>1</option>
       <isQualifier>0</isQualifier>
       <value>0</value>
      </field>
      <field>
       <name>DNAC</name>
       <description>
        <standardTitle>Data Narrative Code</standardTitle>
       </description>
       <min>0</min>
       <max>1</max>
       <regularExpression/>
       <type>16</type>
       <minLength>0</minLength>
       <maxLength>7</maxLength>
       <option>0</option>
       <isQualifier>0</isQualifier>
       <field>
        <name>DNA1</name>
        <description>
         <standardTitle>Code Table Number</standardTitle>
        </description>
        <min>0</min>
        <max>1</max>
        <regularExpression/>
        <type>6</type>
        <minLength>1</minLength>
        <maxLength>4</maxLength>
        <option>0</option>
        <isQualifier>0</isQualifier>
        <value>0</value>
       </field>
       <field>
        <name>DNA2</name>
        <description>
         <standardTitle>Code Value</standardTitle>
        </description>
        <min>0</min>
        <max>1</max>
        <regularExpression/>
        <type>5</type>
        <minLength>1</minLength>
        <maxLength>3</maxLength>
        <option>0</option>
        <isQualifier>0</isQualifier>
        <value> </value>
       </field>
      </field>
      <field>
       <name>RTEX</name>
       <description>
        <standardTitle>Registered Text</standardTitle>
       </description>
       <min>0</min>
       <max>1</max>
       <regularExpression/>
       <type>16</type>
       <minLength>0</minLength>
       <maxLength>172</maxLength>
       <option>0</option>
       <isQualifier>0</isQualifier>
       <field>
        <name>RTE1</name>
        <description>
         <standardTitle>First Registered Application Code</standardTitle>
        </description>
        <min>0</min>
        <max>1</max>
        <regularExpression/>
        <type>5</type>
        <minLength>1</minLength>
        <maxLength>3</maxLength>
        <option>0</option>
        <isQualifier>0</isQualifier>
        <value> </value>
       </field>
       <field>
        <name>RTE2</name>
        <description>
         <standardTitle>Application Text</standardTitle>
        </description>
        <min>0</min>
        <max>1</max>
        <regularExpression/>
        <type>5</type>
        <minLength>1</minLength>
        <maxLength>40</maxLength>
        <option>0</option>
        <isQualifier>0</isQualifier>
        <value> </value>
       </field>
       <field>
        <name>RTE3</name>
        <description>
         <standardTitle>Second Registered Application Code</standardTitle>
        </description>
        <min>0</min>
        <max>1</max>
        <regularExpression/>
        <type>5</type>
        <minLength>1</minLength>
        <maxLength>3</maxLength>
        <option>0</option>
        <isQualifier>0</isQualifier>
        <value> </value>
       </field>
       <field>
        <name>RTE2</name>
        <description>
         <standardTitle>Application Text</standardTitle>
        </description>
        <min>0</min>
        <max>1</max>
        <regularExpression/>
        <type>5</type>
        <minLength>1</minLength>
        <maxLength>40</maxLength>
        <option>0</option>
        <isQualifier>0</isQualifier>
        <number>2</number>
        <value> </value>
       </field>
       <field>
        <name>RTE4</name>
        <description>
         <standardTitle>Third Registered Application Code</standardTitle>
        </description>
        <min>0</min>
        <max>1</max>
        <regularExpression/>
        <type>5</type>
        <minLength>1</minLength>
        <maxLength>3</maxLength>
        <option>0</option>
        <isQualifier>0</isQualifier>
        <value> </value>
       </field>
       <field>
        <name>RTE2</name>
        <description>
         <standardTitle>Application Text</standardTitle>
        </description>
        <min>0</min>
        <max>1</max>
        <regularExpression/>
        <type>5</type>
        <minLength>1</minLength>
        <maxLength>40</maxLength>
        <option>0</option>
        <isQualifier>0</isQualifier>
        <number>3</number>
        <value> </value>
       </field>
       <field>
        <name>RTE5</name>
        <description>
         <standardTitle>Fourth Registered Application Code</standardTitle>
        </description>
        <min>0</min>
        <max>1</max>
        <regularExpression/>
        <type>5</type>
        <minLength>1</minLength>
        <maxLength>3</maxLength>
        <option>0</option>
        <isQualifier>0</isQualifier>
        <value> </value>
       </field>
       <field>
        <name>RTE2</name>
        <description>
         <standardTitle>Application Text</standardTitle>
        </description>
        <min>0</min>
        <max>1</max>
        <regularExpression/>
        <type>5</type>
        <minLength>1</minLength>
        <maxLength>40</maxLength>
        <option>0</option>
        <isQualifier>0</isQualifier>
        <number>4</number>
        <value> </value>
       </field>
      </field>
      <field>
       <name>GNAR</name>
       <description>
        <standardTitle>General Narrative</standardTitle>
       </description>
       <min>0</min>
       <max>1</max>
       <regularExpression/>
       <type>16</type>
       <minLength>0</minLength>
       <maxLength>160</maxLength>
       <option>0</option>
       <isQualifier>0</isQualifier>
       <field>
        <name>GNA1</name>
        <description>
         <standardTitle>General Narrative Line 1</standardTitle>
        </description>
        <min>0</min>
        <max>1</max>
        <regularExpression/>
        <type>5</type>
        <minLength>1</minLength>
        <maxLength>40</maxLength>
        <option>0</option>
        <isQualifier>0</isQualifier>
        <value> </value>
       </field>
       <field>
        <name>GNA2</name>
        <description>
         <standardTitle>General Narrative Line 2</standardTitle>
        </description>
        <min>0</min>
        <max>1</max>
        <regularExpression/>
        <type>5</type>
        <minLength>1</minLength>
        <maxLength>40</maxLength>
        <option>0</option>
        <isQualifier>0</isQualifier>
        <value> </value>
       </field>
       <field>
        <name>GNA3</name>
        <description>
         <standardTitle>General Narrative Line 3</standardTitle>
        </description>
        <min>0</min>
        <max>1</max>
        <regularExpression/>
        <type>5</type>
        <minLength>1</minLength>
        <maxLength>40</maxLength>
        <option>0</option>
        <isQualifier>0</isQualifier>
        <value> </value>
       </field>
       <field>
        <name>GNA4</name>
        <description>
         <standardTitle>General Narrative Line 4</standardTitle>
        </description>
        <min>0</min>
        <max>1</max>
        <regularExpression/>
        <type>5</type>
        <minLength>1</minLength>
        <maxLength>40</maxLength>
        <option>0</option>
        <isQualifier>0</isQualifier>
        <value> </value>
       </field>
      </field>
     </record>
     <record>
      <name>OLD</name>
      <description>
       <standardTitle>ORDER LINE DETAILS</standardTitle>
      </description>
      <min>1</min>
      <max>-1</max>
      <option>1</option>
      <virtual>1</virtual>
      <record>
       <name>OLD</name>
       <description>
        <standardTitle>ORDER LINE DETAILS</standardTitle>
       </description>
       <min>1</min>
       <max>1</max>
       <option>1</option>
       <field>
        <name>SEQA</name>
        <description>
         <standardTitle>First Level Sequence Number</standardTitle>
        </description>
        <min>1</min>
        <max>1</max>
        <regularExpression/>
        <type>6</type>
        <minLength>1</minLength>
        <maxLength>10</maxLength>
        <option>1</option>
        <isQualifier>0</isQualifier>
        <value>0</value>
       </field>
       <field>
        <name>SPRO</name>
        <description>
         <standardTitle>Supplier's Product Number</standardTitle>
        </description>
        <min>1</min>
        <max>1</max>
        <regularExpression/>
        <type>16</type>
        <minLength>0</minLength>
        <maxLength>57</maxLength>
        <option>1</option>
        <isQualifier>0</isQualifier>
        <field>
         <name>SPR1</name>
         <description>
          <standardTitle>Manufacturer's EAN-13 Article Number</standardTitle>
         </description>
         <min>0</min>
         <max>1</max>
         <regularExpression/>
         <type>3</type>
         <minLength>13</minLength>
         <maxLength>13</maxLength>
         <option>0</option>
         <isQualifier>0</isQualifier>
         <value>0000000000000</value>
        </field>
        <field>
         <name>SPR2</name>
         <description>
          <standardTitle>Supplier's Code</standardTitle>
         </description>
         <min>0</min>
         <max>1</max>
         <regularExpression/>
         <type>5</type>
         <minLength>1</minLength>
         <maxLength>30</maxLength>
         <option>0</option>
         <isQualifier>0</isQualifier>
         <value> </value>
        </field>
        <field>
         <name>SPR3</name>
         <description>
          <standardTitle>DUN-14 Code</standardTitle>
         </description>
         <min>0</min>
         <max>1</max>
         <regularExpression/>
         <type>3</type>
         <minLength>14</minLength>
         <maxLength>14</maxLength>
         <option>0</option>
         <isQualifier>0</isQualifier>
         <value>00000000000000</value>
        </field>
       </field>
       <field>
        <name>SACU</name>
        <description>
         <standardTitle>Supplier's EAN Article Number for the Designated Consumer Unit</standardTitle>
        </description>
        <min>0</min>
        <max>1</max>
        <regularExpression/>
        <type>3</type>
        <minLength>13</minLength>
        <maxLength>13</maxLength>
        <option>0</option>
        <isQualifier>0</isQualifier>
        <value>0000000000000</value>
       </field>
       <field>
        <name>CPRO</name>
        <description>
         <standardTitle>Customer's Product Number</standardTitle>
        </description>
        <min>0</min>
        <max>1</max>
        <regularExpression/>
        <type>16</type>
        <minLength>0</minLength>
        <maxLength>45</maxLength>
        <option>0</option>
        <isQualifier>0</isQualifier>
        <field>
         <name>CPR1</name>
         <description>
          <standardTitle>Customer's Own Brand</standardTitle>
         </description>
         <min>0</min>
         <max>1</max>
         <regularExpression/>
         <type>3</type>
         <minLength>15</minLength>
         <maxLength>15</maxLength>
         <option>0</option>
         <isQualifier>0</isQualifier>
         <value>000000000000000</value>
        </field>
        <field>
         <name>CPR2</name>
         <description>
          <standardTitle>Customer's Item Code</standardTitle>
         </description>
         <min>0</min>
         <max>1</max>
         <regularExpression/>
         <type>5</type>
         <minLength>1</minLength>
         <maxLength>30</maxLength>
         <option>0</option>
         <isQualifier>0</isQualifier>
         <value> </value>
        </field>
       </field>
       <field>
        <name>UNOR</name>
        <description>
         <standardTitle>Unit of Ordering</standardTitle>
        </description>
        <min>1</min>
        <max>1</max>
        <regularExpression/>
        <type>16</type>
        <minLength>0</minLength>
        <maxLength>35</maxLength>
        <option>1</option>
        <isQualifier>0</isQualifier>
        <field>
         <name>UNO1</name>
         <description>
          <standardTitle>Consumer Units in Traded Unit</standardTitle>
         </description>
         <min>0</min>
         <max>1</max>
         <regularExpression/>
         <type>6</type>
         <minLength>1</minLength>
         <maxLength>15</maxLength>
         <option>0</option>
         <isQualifier>0</isQualifier>
         <value>0</value>
        </field>
        <field>
         <name>UNO2</name>
         <description>
          <standardTitle>Ordering Measure</standardTitle>
         </description>
         <min>0</min>
         <max>1</max>
         <regularExpression/>
         <type>6</type>
         <minLength>4</minLength>
         <maxLength>14</maxLength>
         <minValue>-9999999999999</minValue>
         <maxValue>9999999999999</maxValue>
         <minValueIncl>1</minValueIncl>
         <maxValueIncl>1</maxValueIncl>
         <option>0</option>
         <isQualifier>0</isQualifier>
         <format>[+]9(10)0(3)</format>
         <value>0000</value>
        </field>
        <field>
         <name>UNO3</name>
         <description>
          <standardTitle>Measure Indicator</standardTitle>
         </description>
         <min>0</min>
         <max>1</max>
         <regularExpression/>
         <type>5</type>
         <minLength>1</minLength>
         <maxLength>6</maxLength>
         <option>0</option>
         <isQualifier>0</isQualifier>
         <value> </value>
        </field>
       </field>
       <field>
        <name>OQTY</name>
        <description>
         <standardTitle>Quantity Ordered</standardTitle>
        </description>
        <min>1</min>
        <max>1</max>
        <regularExpression/>
        <type>16</type>
        <minLength>0</minLength>
        <maxLength>35</maxLength>
        <option>1</option>
        <isQualifier>0</isQualifier>
        <field>
         <name>OQT1</name>
         <description>
          <standardTitle>Number of Traded Units Ordered</standardTitle>
         </description>
         <min>0</min>
         <max>1</max>
         <regularExpression/>
         <type>6</type>
         <minLength>1</minLength>
         <maxLength>15</maxLength>
         <option>0</option>
         <isQualifier>0</isQualifier>
         <value>0</value>
        </field>
        <field>
         <name>OQT2</name>
         <description>
          <standardTitle>Total Measure Ordered</standardTitle>
         </description>
         <min>0</min>
         <max>1</max>
         <regularExpression/>
         <type>6</type>
         <minLength>4</minLength>
         <maxLength>14</maxLength>
         <minValue>-9999999999999</minValue>
         <maxValue>9999999999999</maxValue>
         <minValueIncl>1</minValueIncl>
         <maxValueIncl>1</maxValueIncl>
         <option>0</option>
         <isQualifier>0</isQualifier>
         <format>[+]9(10)0(3)</format>
         <value>0000</value>
        </field>
        <field>
         <name>OQT3</name>
         <description>
          <standardTitle>Measure Indicator</standardTitle>
         </description>
         <min>0</min>
         <max>1</max>
         <regularExpression/>
         <type>5</type>
         <minLength>1</minLength>
         <maxLength>6</maxLength>
         <option>0</option>
         <isQualifier>0</isQualifier>
         <value> </value>
        </field>
       </field>
       <field>
        <name>OUCT</name>
        <description>
         <standardTitle>Ordering Unit Cost</standardTitle>
        </description>
        <min>0</min>
        <max>1</max>
        <regularExpression/>
        <type>16</type>
        <minLength>0</minLength>
        <maxLength>21</maxLength>
        <option>0</option>
        <isQualifier>0</isQualifier>
        <field>
         <name>OUC1</name>
         <description>
          <standardTitle>Cost Price</standardTitle>
         </description>
         <min>0</min>
         <max>1</max>
         <regularExpression/>
         <type>6</type>
         <minLength>1</minLength>
         <maxLength>15</maxLength>
         <minValue>-99999999999999</minValue>
         <maxValue>99999999999999</maxValue>
         <minValueIncl>1</minValueIncl>
         <maxValueIncl>1</maxValueIncl>
         <option>0</option>
         <isQualifier>0</isQualifier>
         <format>[+]9(10)0(4)</format>
         <value>0</value>
        </field>
        <field>
         <name>OUC2</name>
         <description>
          <standardTitle>Measure Indicator</standardTitle>
         </description>
         <min>0</min>
         <max>1</max>
         <regularExpression/>
         <type>5</type>
         <minLength>1</minLength>
         <maxLength>6</maxLength>
         <option>0</option>
         <isQualifier>0</isQualifier>
         <value> </value>
        </field>
       </field>
       <field>
        <name>PIND</name>
        <description>
         <standardTitle>Special Price Indicator</standardTitle>
        </description>
        <min>0</min>
        <max>1</max>
        <regularExpression/>
        <type>5</type>
        <minLength>1</minLength>
        <maxLength>4</maxLength>
        <option>0</option>
        <isQualifier>0</isQualifier>
        <value> </value>
       </field>
       <field>
        <name>TFIN</name>
        <description>
         <standardTitle>To Follow Indicator</standardTitle>
        </description>
        <min>0</min>
        <max>1</max>
        <regularExpression/>
        <type>5</type>
        <minLength>1</minLength>
        <maxLength>1</maxLength>
        <option>0</option>
        <isQualifier>0</isQualifier>
        <value> </value>
       </field>
       <field>
        <name>TDES</name>
        <description>
         <standardTitle>Traded Unit Description</standardTitle>
        </description>
        <min>0</min>
        <max>1</max>
        <regularExpression/>
        <type>16</type>
        <minLength>0</minLength>
        <maxLength>80</maxLength>
        <option>0</option>
        <isQualifier>0</isQualifier>
        <field>
         <name>TDE1</name>
         <description>
          <standardTitle>Line 1</standardTitle>
         </description>
         <min>0</min>
         <max>1</max>
         <regularExpression/>
         <type>5</type>
         <minLength>1</minLength>
         <maxLength>40</maxLength>
         <option>0</option>
         <isQualifier>0</isQualifier>
         <value> </value>
        </field>
        <field>
         <name>TDE2</name>
         <description>
          <standardTitle>Line 2</standardTitle>
         </description>
         <min>0</min>
         <max>1</max>
         <regularExpression/>
         <type>5</type>
         <minLength>1</minLength>
         <maxLength>40</maxLength>
         <option>0</option>
         <isQualifier>0</isQualifier>
         <value> </value>
        </field>
       </field>
       <field>
        <name>SCRF</name>
        <description>
         <standardTitle>Specification/Contract References</standardTitle>
        </description>
        <min>0</min>
        <max>1</max>
        <regularExpression/>
        <type>16</type>
        <minLength>0</minLength>
        <maxLength>34</maxLength>
        <option>0</option>
        <isQualifier>0</isQualifier>
        <field>
         <name>SCR1</name>
         <description>
          <standardTitle>Specification Number</standardTitle>
         </description>
         <min>0</min>
         <max>1</max>
         <regularExpression/>
         <type>5</type>
         <minLength>1</minLength>
         <maxLength>17</maxLength>
         <option>0</option>
         <isQualifier>0</isQualifier>
         <value> </value>
        </field>
        <field>
         <name>SCR2</name>
         <description>
          <standardTitle>Contract Number</standardTitle>
         </description>
         <min>0</min>
         <max>1</max>
         <regularExpression/>
         <type>5</type>
         <minLength>1</minLength>
         <maxLength>17</maxLength>
         <option>0</option>
         <isQualifier>0</isQualifier>
         <value> </value>
        </field>
       </field>
       <record>
        <name>DNB</name>
        <description>
         <standardTitle>DATA NARRATIVE</standardTitle>
        </description>
        <min>0</min>
        <max>-1</max>
        <option>0</option>
        <field>
         <name>SEQA</name>
         <description>
          <standardTitle>First Level Sequence Number</standardTitle>
         </description>
         <min>1</min>
         <max>1</max>
         <regularExpression/>
         <type>6</type>
         <minLength>1</minLength>
         <maxLength>10</maxLength>
         <option>1</option>
         <isQualifier>0</isQualifier>
         <value>0</value>
        </field>
        <field>
         <name>SEQB</name>
         <description>
          <standardTitle>Second Level Sequence Number</standardTitle>
         </description>
         <min>1</min>
         <max>1</max>
         <regularExpression/>
         <type>6</type>
         <minLength>1</minLength>
         <maxLength>10</maxLength>
         <option>1</option>
         <isQualifier>0</isQualifier>
         <value>0</value>
        </field>
        <field>
         <name>DNAC</name>
         <description>
          <standardTitle>Data Narrative Code</standardTitle>
         </description>
         <min>0</min>
         <max>1</max>
         <regularExpression/>
         <type>16</type>
         <minLength>0</minLength>
         <maxLength>7</maxLength>
         <option>0</option>
         <isQualifier>0</isQualifier>
         <field>
          <name>DNA1</name>
          <description>
           <standardTitle>Code Table Number</standardTitle>
          </description>
          <min>0</min>
          <max>1</max>
          <regularExpression/>
          <type>6</type>
          <minLength>1</minLength>
          <maxLength>4</maxLength>
          <option>0</option>
          <isQualifier>0</isQualifier>
          <value>0</value>
         </field>
         <field>
          <name>DNA2</name>
          <description>
           <standardTitle>Code Value</standardTitle>
          </description>
          <min>0</min>
          <max>1</max>
          <regularExpression/>
          <type>5</type>
          <minLength>1</minLength>
          <maxLength>3</maxLength>
          <option>0</option>
          <isQualifier>0</isQualifier>
          <value> </value>
         </field>
        </field>
        <field>
         <name>RTEX</name>
         <description>
          <standardTitle>Registered Text</standardTitle>
         </description>
         <min>0</min>
         <max>1</max>
         <regularExpression/>
         <type>16</type>
         <minLength>0</minLength>
         <maxLength>172</maxLength>
         <option>0</option>
         <isQualifier>0</isQualifier>
         <field>
          <name>RTE1</name>
          <description>
           <standardTitle>First Registered Application Code</standardTitle>
          </description>
          <min>0</min>
          <max>1</max>
          <regularExpression/>
          <type>5</type>
          <minLength>1</minLength>
          <maxLength>3</maxLength>
          <option>0</option>
          <isQualifier>0</isQualifier>
          <value> </value>
         </field>
         <field>
          <name>RTE2</name>
          <description>
           <standardTitle>Application Text</standardTitle>
          </description>
          <min>0</min>
          <max>1</max>
          <regularExpression/>
          <type>5</type>
          <minLength>1</minLength>
          <maxLength>40</maxLength>
          <option>0</option>
          <isQualifier>0</isQualifier>
          <value> </value>
         </field>
         <field>
          <name>RTE3</name>
          <description>
           <standardTitle>Second Registered Application Code</standardTitle>
          </description>
          <min>0</min>
          <max>1</max>
          <regularExpression/>
          <type>5</type>
          <minLength>1</minLength>
          <maxLength>3</maxLength>
          <option>0</option>
          <isQualifier>0</isQualifier>
          <value> </value>
         </field>
         <field>
          <name>RTE2</name>
          <description>
           <standardTitle>Application Text</standardTitle>
          </description>
          <min>0</min>
          <max>1</max>
          <regularExpression/>
          <type>5</type>
          <minLength>1</minLength>
          <maxLength>40</maxLength>
          <option>0</option>
          <isQualifier>0</isQualifier>
          <number>2</number>
          <value> </value>
         </field>
         <field>
          <name>RTE4</name>
          <description>
           <standardTitle>Third Registered Application Code</standardTitle>
          </description>
          <min>0</min>
          <max>1</max>
          <regularExpression/>
          <type>5</type>
          <minLength>1</minLength>
          <maxLength>3</maxLength>
          <option>0</option>
          <isQualifier>0</isQualifier>
          <value> </value>
         </field>
         <field>
          <name>RTE2</name>
          <description>
           <standardTitle>Application Text</standardTitle>
          </description>
          <min>0</min>
          <max>1</max>
          <regularExpression/>
          <type>5</type>
          <minLength>1</minLength>
          <maxLength>40</maxLength>
          <option>0</option>
          <isQualifier>0</isQualifier>
          <number>3</number>
          <value> </value>
         </field>
         <field>
          <name>RTE5</name>
          <description>
           <standardTitle>Fourth Registered Application Code</standardTitle>
          </description>
          <min>0</min>
          <max>1</max>
          <regularExpression/>
          <type>5</type>
          <minLength>1</minLength>
          <maxLength>3</maxLength>
          <option>0</option>
          <isQualifier>0</isQualifier>
          <value> </value>
         </field>
         <field>
          <name>RTE2</name>
          <description>
           <standardTitle>Application Text</standardTitle>
          </description>
          <min>0</min>
          <max>1</max>
          <regularExpression/>
          <type>5</type>
          <minLength>1</minLength>
          <maxLength>40</maxLength>
          <option>0</option>
          <isQualifier>0</isQualifier>
          <number>4</number>
          <value> </value>
         </field>
        </field>
        <field>
         <name>GNAR</name>
         <description>
          <standardTitle>General Narrative</standardTitle>
         </description>
         <min>0</min>
         <max>1</max>
         <regularExpression/>
         <type>16</type>
         <minLength>0</minLength>
         <maxLength>160</maxLength>
         <option>0</option>
         <isQualifier>0</isQualifier>
         <field>
          <name>GNA1</name>
          <description>
           <standardTitle>General Narrative Line 1</standardTitle>
          </description>
          <min>0</min>
          <max>1</max>
          <regularExpression/>
          <type>5</type>
          <minLength>1</minLength>
          <maxLength>40</maxLength>
          <option>0</option>
          <isQualifier>0</isQualifier>
          <value> </value>
         </field>
         <field>
          <name>GNA2</name>
          <description>
           <standardTitle>General Narrative Line 2</standardTitle>
          </description>
          <min>0</min>
          <max>1</max>
          <regularExpression/>
          <type>5</type>
          <minLength>1</minLength>
          <maxLength>40</maxLength>
          <option>0</option>
          <isQualifier>0</isQualifier>
          <value> </value>
         </field>
         <field>
          <name>GNA3</name>
          <description>
           <standardTitle>General Narrative Line 3</standardTitle>
          </description>
          <min>0</min>
          <max>1</max>
          <regularExpression/>
          <type>5</type>
          <minLength>1</minLength>
          <maxLength>40</maxLength>
          <option>0</option>
          <isQualifier>0</isQualifier>
          <value> </value>
         </field>
         <field>
          <name>GNA4</name>
          <description>
           <standardTitle>General Narrative Line 4</standardTitle>
          </description>
          <min>0</min>
          <max>1</max>
          <regularExpression/>
          <type>5</type>
          <minLength>1</minLength>
          <maxLength>40</maxLength>
          <option>0</option>
          <isQualifier>0</isQualifier>
          <value> </value>
         </field>
        </field>
       </record>
      </record>
     </record>
     <record>
      <name>OTR</name>
      <description>
       <standardTitle>ORDER TRAILER</standardTitle>
      </description>
      <min>1</min>
      <max>1</max>
      <option>1</option>
      <field>
       <name>LORD</name>
       <description>
        <standardTitle>Lines Ordered</standardTitle>
       </description>
       <min>1</min>
       <max>1</max>
       <regularExpression/>
       <type>6</type>
       <minLength>1</minLength>
       <maxLength>10</maxLength>
       <option>1</option>
       <isQualifier>0</isQualifier>
       <value>0</value>
      </field>
     </record>
     <record>
      <name>MTR</name>
      <description>
       <standardTitle>MESSAGE TRAILER</standardTitle>
      </description>
      <min>1</min>
      <max>1</max>
      <option>1</option>
      <field>
       <name>NOSG</name>
       <description>
        <standardTitle>Number of Segments</standardTitle>
       </description>
       <min>1</min>
       <max>1</max>
       <regularExpression/>
       <type>6</type>
       <minLength>1</minLength>
       <maxLength>10</maxLength>
       <option>1</option>
       <isQualifier>0</isQualifier>
       <value>0</value>
       <countedRecord>ALL</countedRecord>
       <resetRecord>MHD_ORDERS</resetRecord>
      </field>
     </record>
    </record>
   </record>
   <record>
    <name>ORDTLR</name>
    <description>
     <standardTitle>Order File Trailer</standardTitle>
    </description>
    <min>1</min>
    <max>1</max>
    <option>1</option>
    <virtual>1</virtual>
    <record>
     <name>MHD_ORDTLR</name>
     <description>
      <standardTitle>MESSAGE HEADER</standardTitle>
     </description>
     <min>1</min>
     <max>1</max>
     <option>1</option>
     <field>
      <name>MSRF</name>
      <description>
       <standardTitle>Message Reference</standardTitle>
      </description>
      <min>1</min>
      <max>1</max>
      <regularExpression/>
      <type>6</type>
      <minLength>1</minLength>
      <maxLength>12</maxLength>
      <option>1</option>
      <idType>1</idType>
      <isQualifier>0</isQualifier>
      <value>0</value>
     </field>
     <field>
      <name>TYPE</name>
      <description>
       <standardTitle>Type of Message</standardTitle>
      </description>
      <min>1</min>
      <max>1</max>
      <regularExpression/>
      <type>16</type>
      <minLength>7</minLength>
      <maxLength>7</maxLength>
      <option>1</option>
      <isQualifier>0</isQualifier>
      <field>
       <name>TYPE1</name>
       <description>
        <standardTitle>Type</standardTitle>
       </description>
       <min>1</min>
       <max>1</max>
       <regularExpression/>
       <type>12</type>
       <minLength>6</minLength>
       <maxLength>6</maxLength>
       <option>1</option>
       <isQualifier>0</isQualifier>
       <value>ORDTLR</value>
      </field>
      <field>
       <name>TYPE2</name>
       <description>
        <standardTitle>Version Number</standardTitle>
       </description>
       <min>1</min>
       <max>1</max>
       <regularExpression/>
       <type>5</type>
       <minLength>1</minLength>
       <maxLength>1</maxLength>
       <option>1</option>
       <isQualifier>0</isQualifier>
       <value> </value>
      </field>
     </field>
     <record>
      <name>OFT</name>
      <description>
       <standardTitle>ORDER FILE TOTALS</standardTitle>
      </description>
      <min>1</min>
      <max>1</max>
      <option>1</option>
      <field>
       <name>FTOR</name>
       <description>
        <standardTitle>File Total Number of Orders</standardTitle>
       </description>
       <min>1</min>
       <max>1</max>
       <regularExpression/>
       <type>6</type>
       <minLength>1</minLength>
       <maxLength>10</maxLength>
       <option>1</option>
       <isQualifier>0</isQualifier>
       <value>0</value>
      </field>
     </record>
     <record>
      <name>MTR</name>
      <description>
       <standardTitle>MESSAGE TRAILER</standardTitle>
      </description>
      <min>1</min>
      <max>1</max>
      <option>1</option>
      <field>
       <name>NOSG</name>
       <description>
        <standardTitle>Number of Segments</standardTitle>
       </description>
       <min>1</min>
       <max>1</max>
       <regularExpression/>
       <type>6</type>
       <minLength>1</minLength>
       <maxLength>10</maxLength>
       <option>1</option>
       <isQualifier>0</isQualifier>
       <value>0</value>
       <countedRecord>ALL</countedRecord>
       <resetRecord>MHD_ORDTLR</resetRecord>
      </field>
     </record>
    </record>
   </record>
  </record>
  <record>
   <name>RSGRSG</name>
   <description>
    <standardText>Not Specified in the standard, but yet used by some companies.</standardText>
   </description>
   <min>0</min>
   <max>1</max>
   <option>0</option>
   <virtual>1</virtual>
   <record>
    <name>MHD_RSGRSG</name>
    <min>0</min>
    <max>1</max>
    <option>0</option>
    <field>
     <name>MSRF</name>
     <description>
      <standardTitle>Message Reference</standardTitle>
     </description>
     <min>1</min>
     <max>1</max>
     <regularExpression/>
     <type>6</type>
     <minLength>0</minLength>
     <maxLength>12</maxLength>
     <option>1</option>
     <idType>1</idType>
     <isQualifier>0</isQualifier>
     <value>0</value>
    </field>
    <field>
     <name>TYPE</name>
     <description>
      <standardTitle>Type of Message</standardTitle>
     </description>
     <min>1</min>
     <max>1</max>
     <regularExpression/>
     <type>16</type>
     <minLength>1</minLength>
     <maxLength>7</maxLength>
     <option>1</option>
     <isQualifier>0</isQualifier>
     <field>
      <name>TYPE1</name>
      <min>1</min>
      <max>1</max>
      <regularExpression/>
      <type>12</type>
      <minLength>0</minLength>
      <maxLength>6</maxLength>
      <option>1</option>
      <isQualifier>0</isQualifier>
      <value>RSGRSG</value>
     </field>
     <field>
      <name>VERN</name>
      <description>
       <standardTitle>Version Number</standardTitle>
      </description>
      <min>1</min>
      <max>1</max>
      <regularExpression/>
      <type>3</type>
      <minLength>1</minLength>
      <maxLength>1</maxLength>
      <option>1</option>
      <isQualifier>0</isQualifier>
      <value>0</value>
     </field>
    </field>
   </record>
   <record>
    <name>RSG</name>
    <min>0</min>
    <max>1</max>
    <option>0</option>
    <field>
     <name>RSGA</name>
     <min>0</min>
     <max>1</max>
     <regularExpression/>
     <type>5</type>
     <minLength>0</minLength>
     <maxLength>-1</maxLength>
     <option>0</option>
     <isQualifier>0</isQualifier>
    </field>
    <field>
     <name>RSGB</name>
     <min>0</min>
     <max>1</max>
     <regularExpression/>
     <type>5</type>
     <minLength>0</minLength>
     <maxLength>-1</maxLength>
     <option>0</option>
     <isQualifier>0</isQualifier>
    </field>
   </record>
   <record>
    <name>MTR</name>
    <description>
     <standardTitle>Message trailer</standardTitle>
    </description>
    <min>1</min>
    <max>1</max>
    <option>1</option>
    <field>
     <name>NOSG</name>
     <description>
      <standardTitle>Number of Segments</standardTitle>
     </description>
     <min>1</min>
     <max>1</max>
     <regularExpression/>
     <type>6</type>
     <minLength>0</minLength>
     <maxLength>10</maxLength>
     <option>1</option>
     <isQualifier>0</isQualifier>
     <value>0</value>
     <countedRecord>ALL</countedRecord>
     <resetRecord>MHD_RSGRSG</resetRecord>
    </field>
   </record>
  </record>
  <record>
   <name>END</name>
   <description>
    <standardTitle>End of Transmission</standardTitle>
   </description>
   <min>1</min>
   <max>1</max>
   <type>61</type>
   <option>1</option>
   <field>
    <name>NMST</name>
    <description>
     <standardTitle>Number of Messages in Transmission</standardTitle>
    </description>
    <min>1</min>
    <max>1</max>
    <regularExpression/>
    <type>6</type>
    <minLength>1</minLength>
    <maxLength>5</maxLength>
    <option>1</option>
    <isQualifier>0</isQualifier>
    <value>0</value>
    <countedRecord>MHD</countedRecord>
    <resetRecord>STX</resetRecord>
   </field>
  </record>
 </record>
</message>
