<?xml version="1.0" encoding="UTF-8"?>
<message version="6.1">
 <name>SEEDELFOR_V3_0</name>
 <kind>9</kind>
 <record>
  <name>SEEDELFOR</name>
  <min>1</min>
  <max>1</max>
  <option>1</option>
  <record>
   <name>SEE_AG</name>
   <min>1</min>
   <max>1</max>
   <option>1</option>
   <field>
    <name>COPYRIGHT</name>
    <min>1</min>
    <max>1</max>
    <regularExpression/>
    <type>5</type>
    <minLength>0</minLength>
    <maxLength>-1</maxLength>
    <option>1</option>
    <value>SEEBURGER AG</value>
   </field>
   <field>
    <name>CREATION_DATE</name>
    <min>1</min>
    <max>1</max>
    <regularExpression/>
    <type>5</type>
    <minLength>0</minLength>
    <maxLength>-1</maxLength>
    <option>1</option>
    <value>2007-05-09</value>
   </field>
   <field>
    <name>MESSAGE</name>
    <min>1</min>
    <max>1</max>
    <regularExpression/>
    <type>5</type>
    <minLength>0</minLength>
    <maxLength>-1</maxLength>
    <option>1</option>
    <value>SEEDELFOR_V3_0</value>
   </field>
   <field>
    <name>MAPPING</name>
    <min>0</min>
    <max>1</max>
    <regularExpression/>
    <type>5</type>
    <minLength>0</minLength>
    <maxLength>-1</maxLength>
    <option>0</option>
   </field>
   <field>
    <name>VERSION</name>
    <min>0</min>
    <max>1</max>
    <regularExpression/>
    <type>5</type>
    <minLength>0</minLength>
    <maxLength>-1</maxLength>
    <option>0</option>
   </field>
  </record>
  <record>
   <name>CNT</name>
   <description>
    <standardTitle>Interchange Control Header Group</standardTitle>
   </description>
   <min>1</min>
   <max>-1</max>
   <option>1</option>
   <record>
    <name>IC</name>
    <description>
     <standardTitle>Interchange Control Header</standardTitle>
    </description>
    <min>1</min>
    <max>1</max>
    <option>1</option>
    <record>
     <name>TRANSMISSION_DATE</name>
     <min>0</min>
     <max>1</max>
     <option>0</option>
     <field>
      <name>value</name>
      <min>1</min>
      <max>1</max>
      <type>5</type>
      <minLength>0</minLength>
      <maxLength>-1</maxLength>
      <option>1</option>
     </field>
    </record>
    <record>
     <name>TRANSMISSION_TIME</name>
     <min>0</min>
     <max>1</max>
     <option>0</option>
     <field>
      <name>value</name>
      <min>1</min>
      <max>1</max>
      <type>5</type>
      <minLength>0</minLength>
      <maxLength>-1</maxLength>
      <option>1</option>
     </field>
    </record>
    <record>
     <name>INTERCHANGE_CONTROL_NUMBER</name>
     <min>0</min>
     <max>1</max>
     <option>0</option>
     <field>
      <name>value</name>
      <min>1</min>
      <max>1</max>
      <type>5</type>
      <minLength>0</minLength>
      <maxLength>-1</maxLength>
      <option>1</option>
     </field>
    </record>
    <record>
     <name>SENDER</name>
     <min>0</min>
     <max>1</max>
     <option>0</option>
     <field>
      <name>value</name>
      <min>1</min>
      <max>1</max>
      <type>5</type>
      <minLength>0</minLength>
      <maxLength>-1</maxLength>
      <option>1</option>
     </field>
    </record>
    <record>
     <name>SENDER_QUALIFIER</name>
     <min>0</min>
     <max>1</max>
     <option>0</option>
     <field>
      <name>value</name>
      <min>1</min>
      <max>1</max>
      <type>5</type>
      <minLength>0</minLength>
      <maxLength>-1</maxLength>
      <option>1</option>
     </field>
    </record>
    <record>
     <name>REVERSE_ROUTING_ADDRESS</name>
     <min>0</min>
     <max>1</max>
     <option>0</option>
     <field>
      <name>value</name>
      <min>1</min>
      <max>1</max>
      <type>5</type>
      <minLength>0</minLength>
      <maxLength>-1</maxLength>
      <option>1</option>
     </field>
    </record>
    <record>
     <name>RECEIVER</name>
     <min>0</min>
     <max>1</max>
     <option>0</option>
     <field>
      <name>value</name>
      <min>1</min>
      <max>1</max>
      <type>5</type>
      <minLength>0</minLength>
      <maxLength>-1</maxLength>
      <option>1</option>
     </field>
    </record>
    <record>
     <name>RECEIVER_QUALIFIER</name>
     <min>0</min>
     <max>1</max>
     <option>0</option>
     <field>
      <name>value</name>
      <min>1</min>
      <max>1</max>
      <type>5</type>
      <minLength>0</minLength>
      <maxLength>-1</maxLength>
      <option>1</option>
     </field>
    </record>
    <record>
     <name>ROUTING_ADDRESS</name>
     <min>0</min>
     <max>1</max>
     <option>0</option>
     <field>
      <name>value</name>
      <min>1</min>
      <max>1</max>
      <type>5</type>
      <minLength>0</minLength>
      <maxLength>-1</maxLength>
      <option>1</option>
     </field>
    </record>
    <record>
     <name>TESTFLAG</name>
     <min>0</min>
     <max>1</max>
     <option>0</option>
     <field>
      <name>value</name>
      <min>1</min>
      <max>1</max>
      <type>5</type>
      <minLength>0</minLength>
      <maxLength>-1</maxLength>
      <option>1</option>
     </field>
    </record>
    <record>
     <name>RECEIVER_PASSWORD</name>
     <min>0</min>
     <max>1</max>
     <option>0</option>
     <field>
      <name>value</name>
      <min>1</min>
      <max>1</max>
      <type>5</type>
      <minLength>0</minLength>
      <maxLength>-1</maxLength>
      <option>1</option>
     </field>
    </record>
    <record>
     <name>RECEIVER_PASSWORD_QUALIFIER</name>
     <min>0</min>
     <max>1</max>
     <option>0</option>
     <field>
      <name>value</name>
      <min>1</min>
      <max>1</max>
      <type>5</type>
      <minLength>0</minLength>
      <maxLength>-1</maxLength>
      <option>1</option>
     </field>
    </record>
    <record>
     <name>RESPONSE_REQUIRED</name>
     <min>0</min>
     <max>1</max>
     <option>0</option>
     <field>
      <name>value</name>
      <min>1</min>
      <max>1</max>
      <type>5</type>
      <minLength>0</minLength>
      <maxLength>-1</maxLength>
      <option>1</option>
     </field>
    </record>
    <record>
     <name>APPLICATION_REFERENCE</name>
     <min>0</min>
     <max>1</max>
     <option>0</option>
     <field>
      <name>value</name>
      <min>1</min>
      <max>1</max>
      <type>5</type>
      <minLength>0</minLength>
      <maxLength>-1</maxLength>
      <option>1</option>
     </field>
    </record>
    <record>
     <name>PROCESS_PRIO</name>
     <min>0</min>
     <max>1</max>
     <option>0</option>
     <field>
      <name>value</name>
      <min>1</min>
      <max>1</max>
      <type>5</type>
      <minLength>0</minLength>
      <maxLength>-1</maxLength>
      <option>1</option>
     </field>
    </record>
    <record>
     <name>COMMUNICATION_AGREEMENT</name>
     <min>0</min>
     <max>1</max>
     <option>0</option>
     <field>
      <name>value</name>
      <min>1</min>
      <max>1</max>
      <type>5</type>
      <minLength>0</minLength>
      <maxLength>-1</maxLength>
      <option>1</option>
     </field>
    </record>
    <record>
     <name>SYNTAX_IDENTIFIER</name>
     <min>0</min>
     <max>1</max>
     <option>0</option>
     <field>
      <name>value</name>
      <min>1</min>
      <max>1</max>
      <type>5</type>
      <minLength>0</minLength>
      <maxLength>-1</maxLength>
      <option>1</option>
     </field>
    </record>
    <record>
     <name>SYNTAX_VERSION</name>
     <min>0</min>
     <max>1</max>
     <option>0</option>
     <field>
      <name>value</name>
      <min>1</min>
      <max>1</max>
      <type>5</type>
      <minLength>0</minLength>
      <maxLength>-1</maxLength>
      <option>1</option>
     </field>
    </record>
    <record>
     <name>ADDITIONAL_INFO</name>
     <min>0</min>
     <max>1</max>
     <option>0</option>
     <field>
      <name>value</name>
      <min>1</min>
      <max>1</max>
      <type>5</type>
      <minLength>0</minLength>
      <maxLength>-1</maxLength>
      <option>1</option>
     </field>
    </record>
    <record>
     <name>REF</name>
     <description>
      <standardTitle>Reference</standardTitle>
     </description>
     <min>0</min>
     <max>-1</max>
     <option>0</option>
     <record>
      <name>QUALIFIER</name>
      <min>0</min>
      <max>1</max>
      <option>0</option>
      <field>
       <name>value</name>
       <min>1</min>
       <max>1</max>
       <type>5</type>
       <minLength>0</minLength>
       <maxLength>-1</maxLength>
       <option>1</option>
      </field>
     </record>
     <record>
      <name>REFERENCE</name>
      <min>0</min>
      <max>1</max>
      <option>0</option>
      <field>
       <name>value</name>
       <min>1</min>
       <max>1</max>
       <type>5</type>
       <minLength>0</minLength>
       <maxLength>-1</maxLength>
       <option>1</option>
      </field>
     </record>
     <record>
      <name>REFERENCE_DATE</name>
      <min>0</min>
      <max>1</max>
      <option>0</option>
      <field>
       <name>value</name>
       <min>1</min>
       <max>1</max>
       <type>5</type>
       <minLength>0</minLength>
       <maxLength>-1</maxLength>
       <option>1</option>
      </field>
     </record>
     <record>
      <name>REFERENCE_TIME</name>
      <min>0</min>
      <max>1</max>
      <option>0</option>
      <field>
       <name>value</name>
       <min>1</min>
       <max>1</max>
       <type>5</type>
       <minLength>0</minLength>
       <maxLength>-1</maxLength>
       <option>1</option>
      </field>
     </record>
     <record>
      <name>ADDITIONAL_INFO</name>
      <min>0</min>
      <max>1</max>
      <option>0</option>
      <field>
       <name>value</name>
       <min>1</min>
       <max>1</max>
       <type>5</type>
       <minLength>0</minLength>
       <maxLength>-1</maxLength>
       <option>1</option>
      </field>
     </record>
    </record>
   </record>
   <record>
    <name>FILTER_SET</name>
    <min>0</min>
    <max>-1</max>
    <option>0</option>
    <record>
     <name>KEY_01</name>
     <min>0</min>
     <max>1</max>
     <option>0</option>
     <field>
      <name>value</name>
      <min>1</min>
      <max>1</max>
      <type>5</type>
      <minLength>0</minLength>
      <maxLength>-1</maxLength>
      <option>1</option>
     </field>
    </record>
    <record>
     <name>KEY_02</name>
     <min>0</min>
     <max>1</max>
     <option>0</option>
     <field>
      <name>value</name>
      <min>1</min>
      <max>1</max>
      <type>5</type>
      <minLength>0</minLength>
      <maxLength>-1</maxLength>
      <option>1</option>
     </field>
    </record>
    <record>
     <name>KEY_03</name>
     <min>0</min>
     <max>1</max>
     <option>0</option>
     <field>
      <name>value</name>
      <min>1</min>
      <max>1</max>
      <type>5</type>
      <minLength>0</minLength>
      <maxLength>-1</maxLength>
      <option>1</option>
     </field>
    </record>
    <record>
     <name>KEY_04</name>
     <min>0</min>
     <max>1</max>
     <option>0</option>
     <field>
      <name>value</name>
      <min>1</min>
      <max>1</max>
      <type>5</type>
      <minLength>0</minLength>
      <maxLength>-1</maxLength>
      <option>1</option>
     </field>
    </record>
    <record>
     <name>KEY_05</name>
     <min>0</min>
     <max>1</max>
     <option>0</option>
     <field>
      <name>value</name>
      <min>1</min>
      <max>1</max>
      <type>5</type>
      <minLength>0</minLength>
      <maxLength>-1</maxLength>
      <option>1</option>
     </field>
    </record>
    <record>
     <name>KEY_06</name>
     <min>0</min>
     <max>1</max>
     <option>0</option>
     <field>
      <name>value</name>
      <min>1</min>
      <max>1</max>
      <type>5</type>
      <minLength>0</minLength>
      <maxLength>-1</maxLength>
      <option>1</option>
     </field>
    </record>
    <record>
     <name>KEY_07</name>
     <min>0</min>
     <max>1</max>
     <option>0</option>
     <field>
      <name>value</name>
      <min>1</min>
      <max>1</max>
      <type>5</type>
      <minLength>0</minLength>
      <maxLength>-1</maxLength>
      <option>1</option>
     </field>
    </record>
    <record>
     <name>KEY_08</name>
     <min>0</min>
     <max>1</max>
     <option>0</option>
     <field>
      <name>value</name>
      <min>1</min>
      <max>1</max>
      <type>5</type>
      <minLength>0</minLength>
      <maxLength>-1</maxLength>
      <option>1</option>
     </field>
    </record>
    <record>
     <name>KEY_09</name>
     <min>0</min>
     <max>1</max>
     <option>0</option>
     <field>
      <name>value</name>
      <min>1</min>
      <max>1</max>
      <type>5</type>
      <minLength>0</minLength>
      <maxLength>-1</maxLength>
      <option>1</option>
     </field>
    </record>
    <record>
     <name>KEY_10</name>
     <min>0</min>
     <max>1</max>
     <option>0</option>
     <field>
      <name>value</name>
      <min>1</min>
      <max>1</max>
      <type>5</type>
      <minLength>0</minLength>
      <maxLength>-1</maxLength>
      <option>1</option>
     </field>
    </record>
   </record>
   <record>
    <name>GRP</name>
    <description>
     <standardTitle>Functional Group Header Group</standardTitle>
    </description>
    <min>1</min>
    <max>-1</max>
    <option>1</option>
    <record>
     <name>FG</name>
     <description>
      <standardTitle>Functional Group Header</standardTitle>
     </description>
     <min>0</min>
     <max>1</max>
     <option>0</option>
     <record>
      <name>IDENTIFIER</name>
      <min>0</min>
      <max>1</max>
      <option>0</option>
      <field>
       <name>value</name>
       <min>1</min>
       <max>1</max>
       <type>5</type>
       <minLength>0</minLength>
       <maxLength>-1</maxLength>
       <option>1</option>
      </field>
     </record>
     <record>
      <name>SENDER</name>
      <min>0</min>
      <max>1</max>
      <option>0</option>
      <field>
       <name>value</name>
       <min>1</min>
       <max>1</max>
       <type>5</type>
       <minLength>0</minLength>
       <maxLength>-1</maxLength>
       <option>1</option>
      </field>
     </record>
     <record>
      <name>SENDER_QUALIFIER</name>
      <min>0</min>
      <max>1</max>
      <option>0</option>
      <field>
       <name>value</name>
       <min>1</min>
       <max>1</max>
       <type>5</type>
       <minLength>0</minLength>
       <maxLength>-1</maxLength>
       <option>1</option>
      </field>
     </record>
     <record>
      <name>RECEIVER</name>
      <min>0</min>
      <max>1</max>
      <option>0</option>
      <field>
       <name>value</name>
       <min>1</min>
       <max>1</max>
       <type>5</type>
       <minLength>0</minLength>
       <maxLength>-1</maxLength>
       <option>1</option>
      </field>
     </record>
     <record>
      <name>RECEIVER_QUALIFIER</name>
      <min>0</min>
      <max>1</max>
      <option>0</option>
      <field>
       <name>value</name>
       <min>1</min>
       <max>1</max>
       <type>5</type>
       <minLength>0</minLength>
       <maxLength>-1</maxLength>
       <option>1</option>
      </field>
     </record>
     <record>
      <name>TRANSMISSION_DATE</name>
      <min>0</min>
      <max>1</max>
      <option>0</option>
      <field>
       <name>value</name>
       <min>1</min>
       <max>1</max>
       <type>5</type>
       <minLength>0</minLength>
       <maxLength>-1</maxLength>
       <option>1</option>
      </field>
     </record>
     <record>
      <name>TRANSMISSION_TIME</name>
      <min>0</min>
      <max>1</max>
      <option>0</option>
      <field>
       <name>value</name>
       <min>1</min>
       <max>1</max>
       <type>5</type>
       <minLength>0</minLength>
       <maxLength>-1</maxLength>
       <option>1</option>
      </field>
     </record>
     <record>
      <name>GROUP_CONTROL_NUMBER</name>
      <min>0</min>
      <max>1</max>
      <option>0</option>
      <field>
       <name>value</name>
       <min>1</min>
       <max>1</max>
       <type>5</type>
       <minLength>0</minLength>
       <maxLength>-1</maxLength>
       <option>1</option>
      </field>
     </record>
     <record>
      <name>AGENCY</name>
      <min>0</min>
      <max>1</max>
      <option>0</option>
      <field>
       <name>value</name>
       <min>1</min>
       <max>1</max>
       <type>5</type>
       <minLength>0</minLength>
       <maxLength>-1</maxLength>
       <option>1</option>
      </field>
     </record>
     <record>
      <name>MESSAGE_VERSION_NUMBER</name>
      <min>0</min>
      <max>1</max>
      <option>0</option>
      <field>
       <name>value</name>
       <min>1</min>
       <max>1</max>
       <type>5</type>
       <minLength>0</minLength>
       <maxLength>-1</maxLength>
       <option>1</option>
      </field>
     </record>
     <record>
      <name>ASSOCIATION_ASSIGNED_CODE</name>
      <min>0</min>
      <max>1</max>
      <option>0</option>
      <field>
       <name>value</name>
       <min>1</min>
       <max>1</max>
       <type>5</type>
       <minLength>0</minLength>
       <maxLength>-1</maxLength>
       <option>1</option>
      </field>
     </record>
     <record>
      <name>APPLICATION_PASSWORT</name>
      <min>0</min>
      <max>1</max>
      <option>0</option>
      <field>
       <name>value</name>
       <min>1</min>
       <max>1</max>
       <type>5</type>
       <minLength>0</minLength>
       <maxLength>-1</maxLength>
       <option>1</option>
      </field>
     </record>
     <record>
      <name>MESSAGE_RELEASE_NUMBER</name>
      <min>0</min>
      <max>1</max>
      <option>0</option>
      <field>
       <name>value</name>
       <min>1</min>
       <max>1</max>
       <type>5</type>
       <minLength>0</minLength>
       <maxLength>-1</maxLength>
       <option>1</option>
      </field>
     </record>
     <record>
      <name>ADDITIONAL_INFO</name>
      <min>0</min>
      <max>1</max>
      <option>0</option>
      <field>
       <name>value</name>
       <min>1</min>
       <max>1</max>
       <type>5</type>
       <minLength>0</minLength>
       <maxLength>-1</maxLength>
       <option>1</option>
      </field>
     </record>
     <record>
      <name>REF</name>
      <min>0</min>
      <max>-1</max>
      <option>0</option>
      <referTo>REF</referTo>
     </record>
    </record>
    <record>
     <name>MSG</name>
     <description>
      <standardTitle>Message Header Group</standardTitle>
     </description>
     <min>1</min>
     <max>-1</max>
     <option>1</option>
     <record>
      <name>ME</name>
      <description>
       <standardTitle>Message Header</standardTitle>
      </description>
      <min>1</min>
      <max>1</max>
      <option>1</option>
      <record>
       <name>MESSAGE_NUMBER</name>
       <min>0</min>
       <max>1</max>
       <option>0</option>
       <field>
        <name>value</name>
        <min>1</min>
        <max>1</max>
        <type>5</type>
        <minLength>0</minLength>
        <maxLength>-1</maxLength>
        <option>1</option>
       </field>
      </record>
      <record>
       <name>MESSAGE_TYPE</name>
       <min>0</min>
       <max>1</max>
       <option>0</option>
       <field>
        <name>value</name>
        <min>1</min>
        <max>1</max>
        <type>5</type>
        <minLength>0</minLength>
        <maxLength>-1</maxLength>
        <option>1</option>
       </field>
      </record>
      <record>
       <name>MESSAGE_TYPE_VERSION</name>
       <min>0</min>
       <max>1</max>
       <option>0</option>
       <field>
        <name>value</name>
        <min>1</min>
        <max>1</max>
        <type>5</type>
        <minLength>0</minLength>
        <maxLength>-1</maxLength>
        <option>1</option>
       </field>
      </record>
      <record>
       <name>MESSAGE_TYPE_RELEASE</name>
       <min>0</min>
       <max>1</max>
       <option>0</option>
       <field>
        <name>value</name>
        <min>1</min>
        <max>1</max>
        <type>5</type>
        <minLength>0</minLength>
        <maxLength>-1</maxLength>
        <option>1</option>
       </field>
      </record>
      <record>
       <name>CONTROLLING_AGENCY</name>
       <min>0</min>
       <max>1</max>
       <option>0</option>
       <field>
        <name>value</name>
        <min>1</min>
        <max>1</max>
        <type>5</type>
        <minLength>0</minLength>
        <maxLength>-1</maxLength>
        <option>1</option>
       </field>
      </record>
      <record>
       <name>ASSOC_ASSIGNED_CODE</name>
       <min>0</min>
       <max>1</max>
       <option>0</option>
       <field>
        <name>value</name>
        <min>1</min>
        <max>1</max>
        <type>5</type>
        <minLength>0</minLength>
        <maxLength>-1</maxLength>
        <option>1</option>
       </field>
      </record>
      <record>
       <name>COMMON_ACCESS_REFERENCE</name>
       <min>0</min>
       <max>1</max>
       <option>0</option>
       <field>
        <name>value</name>
        <min>1</min>
        <max>1</max>
        <type>5</type>
        <minLength>0</minLength>
        <maxLength>-1</maxLength>
        <option>1</option>
       </field>
      </record>
      <record>
       <name>SEQUENCE_OF_TRANSFER</name>
       <min>0</min>
       <max>1</max>
       <option>0</option>
       <field>
        <name>value</name>
        <min>1</min>
        <max>1</max>
        <type>5</type>
        <minLength>0</minLength>
        <maxLength>-1</maxLength>
        <option>1</option>
       </field>
      </record>
      <record>
       <name>FIRST_AND_LAST_TRANSFER</name>
       <min>0</min>
       <max>1</max>
       <option>0</option>
       <field>
        <name>value</name>
        <min>1</min>
        <max>1</max>
        <type>5</type>
        <minLength>0</minLength>
        <maxLength>-1</maxLength>
        <option>1</option>
       </field>
      </record>
      <record>
       <name>ADDITIONAL_INFO</name>
       <min>0</min>
       <max>1</max>
       <option>0</option>
       <field>
        <name>value</name>
        <min>1</min>
        <max>1</max>
        <type>5</type>
        <minLength>0</minLength>
        <maxLength>-1</maxLength>
        <option>1</option>
       </field>
      </record>
     </record>
     <record>
      <name>ADD</name>
      <description>
       <standardTitle>Addresses</standardTitle>
      </description>
      <min>0</min>
      <max>-1</max>
      <option>0</option>
      <record>
       <name>QUALIFIER</name>
       <min>0</min>
       <max>1</max>
       <option>0</option>
       <field>
        <name>value</name>
        <min>1</min>
        <max>1</max>
        <type>5</type>
        <minLength>0</minLength>
        <maxLength>-1</maxLength>
        <option>1</option>
       </field>
      </record>
      <record>
       <name>IDENTIFIER</name>
       <min>0</min>
       <max>1</max>
       <option>0</option>
       <field>
        <name>value</name>
        <min>1</min>
        <max>1</max>
        <type>5</type>
        <minLength>0</minLength>
        <maxLength>-1</maxLength>
        <option>1</option>
       </field>
      </record>
      <record>
       <name>AGENCY_CODE</name>
       <min>0</min>
       <max>1</max>
       <option>0</option>
       <field>
        <name>value</name>
        <min>1</min>
        <max>1</max>
        <type>5</type>
        <minLength>0</minLength>
        <maxLength>-1</maxLength>
        <option>1</option>
       </field>
      </record>
      <record>
       <name>NAME_1</name>
       <min>0</min>
       <max>1</max>
       <option>0</option>
       <field>
        <name>value</name>
        <min>1</min>
        <max>1</max>
        <type>5</type>
        <minLength>0</minLength>
        <maxLength>-1</maxLength>
        <option>1</option>
       </field>
      </record>
      <record>
       <name>NAME_2</name>
       <min>0</min>
       <max>1</max>
       <option>0</option>
       <field>
        <name>value</name>
        <min>1</min>
        <max>1</max>
        <type>5</type>
        <minLength>0</minLength>
        <maxLength>-1</maxLength>
        <option>1</option>
       </field>
      </record>
      <record>
       <name>NAME_3</name>
       <min>0</min>
       <max>1</max>
       <option>0</option>
       <field>
        <name>value</name>
        <min>1</min>
        <max>1</max>
        <type>5</type>
        <minLength>0</minLength>
        <maxLength>-1</maxLength>
        <option>1</option>
       </field>
      </record>
      <record>
       <name>NAME_4</name>
       <min>0</min>
       <max>1</max>
       <option>0</option>
       <field>
        <name>value</name>
        <min>1</min>
        <max>1</max>
        <type>5</type>
        <minLength>0</minLength>
        <maxLength>-1</maxLength>
        <option>1</option>
       </field>
      </record>
      <record>
       <name>NAME_5</name>
       <min>0</min>
       <max>1</max>
       <option>0</option>
       <field>
        <name>value</name>
        <min>1</min>
        <max>1</max>
        <type>5</type>
        <minLength>0</minLength>
        <maxLength>-1</maxLength>
        <option>1</option>
       </field>
      </record>
      <record>
       <name>PARTY_NAME_1</name>
       <min>0</min>
       <max>1</max>
       <option>0</option>
       <field>
        <name>value</name>
        <min>1</min>
        <max>1</max>
        <type>5</type>
        <minLength>0</minLength>
        <maxLength>-1</maxLength>
        <option>1</option>
       </field>
      </record>
      <record>
       <name>PARTY_NAME_2</name>
       <min>0</min>
       <max>1</max>
       <option>0</option>
       <field>
        <name>value</name>
        <min>1</min>
        <max>1</max>
        <type>5</type>
        <minLength>0</minLength>
        <maxLength>-1</maxLength>
        <option>1</option>
       </field>
      </record>
      <record>
       <name>PARTY_NAME_3</name>
       <min>0</min>
       <max>1</max>
       <option>0</option>
       <field>
        <name>value</name>
        <min>1</min>
        <max>1</max>
        <type>5</type>
        <minLength>0</minLength>
        <maxLength>-1</maxLength>
        <option>1</option>
       </field>
      </record>
      <record>
       <name>PARTY_NAME_4</name>
       <min>0</min>
       <max>1</max>
       <option>0</option>
       <field>
        <name>value</name>
        <min>1</min>
        <max>1</max>
        <type>5</type>
        <minLength>0</minLength>
        <maxLength>-1</maxLength>
        <option>1</option>
       </field>
      </record>
      <record>
       <name>PARTY_NAME_5</name>
       <min>0</min>
       <max>1</max>
       <option>0</option>
       <field>
        <name>value</name>
        <min>1</min>
        <max>1</max>
        <type>5</type>
        <minLength>0</minLength>
        <maxLength>-1</maxLength>
        <option>1</option>
       </field>
      </record>
      <record>
       <name>STREET_1</name>
       <min>0</min>
       <max>1</max>
       <option>0</option>
       <field>
        <name>value</name>
        <min>1</min>
        <max>1</max>
        <type>5</type>
        <minLength>0</minLength>
        <maxLength>-1</maxLength>
        <option>1</option>
       </field>
      </record>
      <record>
       <name>STREET_2</name>
       <min>0</min>
       <max>1</max>
       <option>0</option>
       <field>
        <name>value</name>
        <min>1</min>
        <max>1</max>
        <type>5</type>
        <minLength>0</minLength>
        <maxLength>-1</maxLength>
        <option>1</option>
       </field>
      </record>
      <record>
       <name>STREET_3</name>
       <min>0</min>
       <max>1</max>
       <option>0</option>
       <field>
        <name>value</name>
        <min>1</min>
        <max>1</max>
        <type>5</type>
        <minLength>0</minLength>
        <maxLength>-1</maxLength>
        <option>1</option>
       </field>
      </record>
      <record>
       <name>STREET_4</name>
       <min>0</min>
       <max>1</max>
       <option>0</option>
       <field>
        <name>value</name>
        <min>1</min>
        <max>1</max>
        <type>5</type>
        <minLength>0</minLength>
        <maxLength>-1</maxLength>
        <option>1</option>
       </field>
      </record>
      <record>
       <name>PO_BOX</name>
       <min>0</min>
       <max>1</max>
       <option>0</option>
       <field>
        <name>value</name>
        <min>1</min>
        <max>1</max>
        <type>5</type>
        <minLength>0</minLength>
        <maxLength>-1</maxLength>
        <option>1</option>
       </field>
      </record>
      <record>
       <name>CITY</name>
       <min>0</min>
       <max>1</max>
       <option>0</option>
       <field>
        <name>value</name>
        <min>1</min>
        <max>1</max>
        <type>5</type>
        <minLength>0</minLength>
        <maxLength>-1</maxLength>
        <option>1</option>
       </field>
      </record>
      <record>
       <name>STATE</name>
       <min>0</min>
       <max>1</max>
       <option>0</option>
       <field>
        <name>value</name>
        <min>1</min>
        <max>1</max>
        <type>5</type>
        <minLength>0</minLength>
        <maxLength>-1</maxLength>
        <option>1</option>
       </field>
      </record>
      <record>
       <name>POSTAL_CODE</name>
       <min>0</min>
       <max>1</max>
       <option>0</option>
       <field>
        <name>value</name>
        <min>1</min>
        <max>1</max>
        <type>5</type>
        <minLength>0</minLength>
        <maxLength>-1</maxLength>
        <option>1</option>
       </field>
      </record>
      <record>
       <name>COUNTRY_CODE</name>
       <min>0</min>
       <max>1</max>
       <option>0</option>
       <field>
        <name>value</name>
        <min>1</min>
        <max>1</max>
        <type>5</type>
        <minLength>0</minLength>
        <maxLength>-1</maxLength>
        <option>1</option>
       </field>
      </record>
      <record>
       <name>COUNTRY</name>
       <min>0</min>
       <max>1</max>
       <option>0</option>
       <field>
        <name>value</name>
        <min>1</min>
        <max>1</max>
        <type>5</type>
        <minLength>0</minLength>
        <maxLength>-1</maxLength>
        <option>1</option>
       </field>
      </record>
      <record>
       <name>ADDITIONAL_DATA</name>
       <min>0</min>
       <max>-1</max>
       <option>0</option>
       <record>
        <name>QUALIFIER</name>
        <min>0</min>
        <max>1</max>
        <option>0</option>
        <field>
         <name>value</name>
         <min>1</min>
         <max>1</max>
         <type>5</type>
         <minLength>0</minLength>
         <maxLength>-1</maxLength>
         <option>1</option>
        </field>
       </record>
       <record>
        <name>DATA</name>
        <min>0</min>
        <max>1</max>
        <option>0</option>
        <field>
         <name>value</name>
         <min>1</min>
         <max>1</max>
         <type>5</type>
         <minLength>0</minLength>
         <maxLength>-1</maxLength>
         <option>1</option>
        </field>
       </record>
      </record>
      <record>
       <name>CONTACT</name>
       <min>0</min>
       <max>-1</max>
       <option>0</option>
       <record>
        <name>QUALIFIER</name>
        <min>0</min>
        <max>1</max>
        <option>0</option>
        <field>
         <name>value</name>
         <min>1</min>
         <max>1</max>
         <type>5</type>
         <minLength>0</minLength>
         <maxLength>-1</maxLength>
         <option>1</option>
        </field>
       </record>
       <record>
        <name>DEPARTMENT</name>
        <min>0</min>
        <max>1</max>
        <option>0</option>
        <field>
         <name>value</name>
         <min>1</min>
         <max>1</max>
         <type>5</type>
         <minLength>0</minLength>
         <maxLength>-1</maxLength>
         <option>1</option>
        </field>
       </record>
       <record>
        <name>PERSON</name>
        <min>0</min>
        <max>1</max>
        <option>0</option>
        <field>
         <name>value</name>
         <min>1</min>
         <max>1</max>
         <type>5</type>
         <minLength>0</minLength>
         <maxLength>-1</maxLength>
         <option>1</option>
        </field>
       </record>
       <record>
        <name>FUNCTION</name>
        <min>0</min>
        <max>1</max>
        <option>0</option>
        <field>
         <name>value</name>
         <min>1</min>
         <max>1</max>
         <type>5</type>
         <minLength>0</minLength>
         <maxLength>-1</maxLength>
         <option>1</option>
        </field>
       </record>
       <record>
        <name>CONTACT_NUMBERS</name>
        <min>0</min>
        <max>-1</max>
        <option>0</option>
        <record>
         <name>QUALIFIER</name>
         <min>0</min>
         <max>1</max>
         <option>0</option>
         <field>
          <name>value</name>
          <min>1</min>
          <max>1</max>
          <type>5</type>
          <minLength>0</minLength>
          <maxLength>-1</maxLength>
          <option>1</option>
         </field>
        </record>
        <record>
         <name>NUMBER</name>
         <min>0</min>
         <max>1</max>
         <option>0</option>
         <field>
          <name>value</name>
          <min>1</min>
          <max>1</max>
          <type>5</type>
          <minLength>0</minLength>
          <maxLength>-1</maxLength>
          <option>1</option>
         </field>
        </record>
       </record>
      </record>
      <record>
       <name>ACCOUNT_INFORMATION</name>
       <min>0</min>
       <max>-1</max>
       <option>0</option>
       <record>
        <name>QUALIFIER</name>
        <min>0</min>
        <max>1</max>
        <option>0</option>
        <field>
         <name>value</name>
         <min>1</min>
         <max>1</max>
         <type>5</type>
         <minLength>0</minLength>
         <maxLength>-1</maxLength>
         <option>1</option>
        </field>
       </record>
       <record>
        <name>ACCOUNT_NUMBER</name>
        <min>0</min>
        <max>1</max>
        <option>0</option>
        <field>
         <name>value</name>
         <min>1</min>
         <max>1</max>
         <type>5</type>
         <minLength>0</minLength>
         <maxLength>-1</maxLength>
         <option>1</option>
        </field>
       </record>
       <record>
        <name>BANK_CODE</name>
        <min>0</min>
        <max>1</max>
        <option>0</option>
        <field>
         <name>value</name>
         <min>1</min>
         <max>1</max>
         <type>5</type>
         <minLength>0</minLength>
         <maxLength>-1</maxLength>
         <option>1</option>
        </field>
       </record>
       <record>
        <name>COUNTRY_CODE</name>
        <min>0</min>
        <max>1</max>
        <option>0</option>
        <field>
         <name>value</name>
         <min>1</min>
         <max>1</max>
         <type>5</type>
         <minLength>0</minLength>
         <maxLength>-1</maxLength>
         <option>1</option>
        </field>
       </record>
       <record>
        <name>IBAN_CODE</name>
        <min>0</min>
        <max>1</max>
        <option>0</option>
        <field>
         <name>value</name>
         <min>1</min>
         <max>1</max>
         <type>5</type>
         <minLength>0</minLength>
         <maxLength>-1</maxLength>
         <option>1</option>
        </field>
       </record>
       <record>
        <name>SWIFT_CODE</name>
        <min>0</min>
        <max>1</max>
        <option>0</option>
        <field>
         <name>value</name>
         <min>1</min>
         <max>1</max>
         <type>5</type>
         <minLength>0</minLength>
         <maxLength>-1</maxLength>
         <option>1</option>
        </field>
       </record>
       <record>
        <name>BANK_NAME</name>
        <min>0</min>
        <max>1</max>
        <option>0</option>
        <field>
         <name>value</name>
         <min>1</min>
         <max>1</max>
         <type>5</type>
         <minLength>0</minLength>
         <maxLength>-1</maxLength>
         <option>1</option>
        </field>
       </record>
       <record>
        <name>ACCOUNT_HOLDER_NAME</name>
        <min>0</min>
        <max>1</max>
        <option>0</option>
        <field>
         <name>value</name>
         <min>1</min>
         <max>1</max>
         <type>5</type>
         <minLength>0</minLength>
         <maxLength>-1</maxLength>
         <option>1</option>
        </field>
       </record>
      </record>
      <record>
       <name>TXT</name>
       <description>
        <standardTitle>Text</standardTitle>
       </description>
       <min>0</min>
       <max>-1</max>
       <option>0</option>
       <record>
        <name>QUALIFIER</name>
        <min>0</min>
        <max>1</max>
        <option>0</option>
        <field>
         <name>value</name>
         <min>1</min>
         <max>1</max>
         <type>5</type>
         <minLength>0</minLength>
         <maxLength>-1</maxLength>
         <option>1</option>
        </field>
       </record>
       <record>
        <name>LANGUAGE_CODED</name>
        <min>0</min>
        <max>1</max>
        <option>0</option>
        <field>
         <name>value</name>
         <min>1</min>
         <max>1</max>
         <type>5</type>
         <minLength>0</minLength>
         <maxLength>-1</maxLength>
         <option>1</option>
        </field>
       </record>
       <record>
        <name>TEXT_LINE</name>
        <min>0</min>
        <max>-1</max>
        <option>0</option>
        <field>
         <name>value</name>
         <min>1</min>
         <max>1</max>
         <type>5</type>
         <minLength>0</minLength>
         <maxLength>-1</maxLength>
         <option>1</option>
        </field>
       </record>
      </record>
     </record>
     <record>
      <name>REF</name>
      <min>0</min>
      <max>-1</max>
      <option>0</option>
      <referTo>REF</referTo>
     </record>
     <record>
      <name>WEIGHT_AND_VOLUME</name>
      <min>0</min>
      <max>1</max>
      <option>0</option>
      <record>
       <name>NET_WEIGHT</name>
       <min>0</min>
       <max>1</max>
       <option>0</option>
       <field>
        <name>value</name>
        <min>1</min>
        <max>1</max>
        <type>5</type>
        <minLength>0</minLength>
        <maxLength>-1</maxLength>
        <option>1</option>
       </field>
      </record>
      <record>
       <name>GROSS_WEIGHT</name>
       <min>0</min>
       <max>1</max>
       <option>0</option>
       <field>
        <name>value</name>
        <min>1</min>
        <max>1</max>
        <type>5</type>
        <minLength>0</minLength>
        <maxLength>-1</maxLength>
        <option>1</option>
       </field>
      </record>
      <record>
       <name>TARA_WEIGHT</name>
       <min>0</min>
       <max>1</max>
       <option>0</option>
       <field>
        <name>value</name>
        <min>1</min>
        <max>1</max>
        <type>5</type>
        <minLength>0</minLength>
        <maxLength>-1</maxLength>
        <option>1</option>
       </field>
      </record>
      <record>
       <name>UNIT_OF_WEIGHT</name>
       <min>0</min>
       <max>1</max>
       <option>0</option>
       <field>
        <name>value</name>
        <min>1</min>
        <max>1</max>
        <type>5</type>
        <minLength>0</minLength>
        <maxLength>-1</maxLength>
        <option>1</option>
       </field>
      </record>
      <record>
       <name>LENGTH</name>
       <min>0</min>
       <max>1</max>
       <option>0</option>
       <field>
        <name>value</name>
        <min>1</min>
        <max>1</max>
        <type>5</type>
        <minLength>0</minLength>
        <maxLength>-1</maxLength>
        <option>1</option>
       </field>
      </record>
      <record>
       <name>WIDTH</name>
       <min>0</min>
       <max>1</max>
       <option>0</option>
       <field>
        <name>value</name>
        <min>1</min>
        <max>1</max>
        <type>5</type>
        <minLength>0</minLength>
        <maxLength>-1</maxLength>
        <option>1</option>
       </field>
      </record>
      <record>
       <name>HEIGHT</name>
       <min>0</min>
       <max>1</max>
       <option>0</option>
       <field>
        <name>value</name>
        <min>1</min>
        <max>1</max>
        <type>5</type>
        <minLength>0</minLength>
        <maxLength>-1</maxLength>
        <option>1</option>
       </field>
      </record>
      <record>
       <name>MEASUREMENT_UNIT</name>
       <min>0</min>
       <max>1</max>
       <option>0</option>
       <field>
        <name>value</name>
        <min>1</min>
        <max>1</max>
        <type>5</type>
        <minLength>0</minLength>
        <maxLength>-1</maxLength>
        <option>1</option>
       </field>
      </record>
      <record>
       <name>VOLUME</name>
       <min>0</min>
       <max>1</max>
       <option>0</option>
       <field>
        <name>value</name>
        <min>1</min>
        <max>1</max>
        <type>5</type>
        <minLength>0</minLength>
        <maxLength>-1</maxLength>
        <option>1</option>
       </field>
      </record>
      <record>
       <name>UNIT_OF_VOLUME</name>
       <min>0</min>
       <max>1</max>
       <option>0</option>
       <field>
        <name>value</name>
        <min>1</min>
        <max>1</max>
        <type>5</type>
        <minLength>0</minLength>
        <maxLength>-1</maxLength>
        <option>1</option>
       </field>
      </record>
     </record>
     <record>
      <name>QTY</name>
      <description>
       <standardTitle>Quantity</standardTitle>
      </description>
      <min>0</min>
      <max>-1</max>
      <option>0</option>
      <record>
       <name>QUALIFIER</name>
       <min>0</min>
       <max>1</max>
       <option>0</option>
       <field>
        <name>value</name>
        <min>1</min>
        <max>1</max>
        <type>5</type>
        <minLength>0</minLength>
        <maxLength>-1</maxLength>
        <option>1</option>
       </field>
      </record>
      <record>
       <name>QUANTITY</name>
       <min>0</min>
       <max>1</max>
       <option>0</option>
       <field>
        <name>value</name>
        <min>1</min>
        <max>1</max>
        <type>5</type>
        <minLength>0</minLength>
        <maxLength>-1</maxLength>
        <option>1</option>
       </field>
      </record>
      <record>
       <name>QUANTITY_UNIT</name>
       <min>0</min>
       <max>1</max>
       <option>0</option>
       <field>
        <name>value</name>
        <min>1</min>
        <max>1</max>
        <type>5</type>
        <minLength>0</minLength>
        <maxLength>-1</maxLength>
        <option>1</option>
       </field>
      </record>
     </record>
     <record>
      <name>TXT</name>
      <min>0</min>
      <max>-1</max>
      <option>0</option>
      <referTo>TXT</referTo>
     </record>
     <record>
      <name>DATE</name>
      <min>0</min>
      <max>-1</max>
      <option>0</option>
      <record>
       <name>QUALIFIER</name>
       <min>0</min>
       <max>1</max>
       <option>0</option>
       <field>
        <name>value</name>
        <min>1</min>
        <max>1</max>
        <type>5</type>
        <minLength>0</minLength>
        <maxLength>-1</maxLength>
        <option>1</option>
       </field>
      </record>
      <record>
       <name>DATE</name>
       <min>0</min>
       <max>1</max>
       <option>0</option>
       <field>
        <name>value</name>
        <min>1</min>
        <max>1</max>
        <type>5</type>
        <minLength>0</minLength>
        <maxLength>-1</maxLength>
        <option>1</option>
       </field>
      </record>
      <record>
       <name>TIME</name>
       <min>0</min>
       <max>1</max>
       <option>0</option>
       <field>
        <name>value</name>
        <min>1</min>
        <max>1</max>
        <type>5</type>
        <minLength>0</minLength>
        <maxLength>-1</maxLength>
        <option>1</option>
       </field>
      </record>
      <record>
       <name>ADDITIONAL_INFO</name>
       <min>0</min>
       <max>1</max>
       <option>0</option>
       <field>
        <name>value</name>
        <min>1</min>
        <max>1</max>
        <type>5</type>
        <minLength>0</minLength>
        <maxLength>-1</maxLength>
        <option>1</option>
       </field>
      </record>
     </record>
     <record>
      <name>CURRENCY</name>
      <min>0</min>
      <max>-1</max>
      <option>0</option>
      <record>
       <name>QUALIFIER</name>
       <min>0</min>
       <max>1</max>
       <option>0</option>
       <field>
        <name>value</name>
        <min>1</min>
        <max>1</max>
        <type>5</type>
        <minLength>0</minLength>
        <maxLength>-1</maxLength>
        <option>1</option>
       </field>
      </record>
      <record>
       <name>CURRENCY</name>
       <min>0</min>
       <max>1</max>
       <option>0</option>
       <field>
        <name>value</name>
        <min>1</min>
        <max>1</max>
        <type>5</type>
        <minLength>0</minLength>
        <maxLength>-1</maxLength>
        <option>1</option>
       </field>
      </record>
      <record>
       <name>ADDITIONAL_QUALIFIER</name>
       <min>0</min>
       <max>1</max>
       <option>0</option>
       <field>
        <name>value</name>
        <min>1</min>
        <max>1</max>
        <type>5</type>
        <minLength>0</minLength>
        <maxLength>-1</maxLength>
        <option>1</option>
       </field>
      </record>
      <record>
       <name>CURRENCY_RATE_BASE</name>
       <min>0</min>
       <max>1</max>
       <option>0</option>
       <field>
        <name>value</name>
        <min>1</min>
        <max>1</max>
        <type>5</type>
        <minLength>0</minLength>
        <maxLength>-1</maxLength>
        <option>1</option>
       </field>
      </record>
      <record>
       <name>RATE_OF_EXCHANGE</name>
       <min>0</min>
       <max>1</max>
       <option>0</option>
       <field>
        <name>value</name>
        <min>1</min>
        <max>1</max>
        <type>5</type>
        <minLength>0</minLength>
        <maxLength>-1</maxLength>
        <option>1</option>
       </field>
      </record>
      <record>
       <name>CURRENCY_MARKET_EXCHANGE</name>
       <min>0</min>
       <max>1</max>
       <option>0</option>
       <field>
        <name>value</name>
        <min>1</min>
        <max>1</max>
        <type>5</type>
        <minLength>0</minLength>
        <maxLength>-1</maxLength>
        <option>1</option>
       </field>
      </record>
     </record>
     <record>
      <name>TAX</name>
      <min>0</min>
      <max>-1</max>
      <option>0</option>
      <record>
       <name>QUALIFIER</name>
       <min>0</min>
       <max>1</max>
       <option>0</option>
       <field>
        <name>value</name>
        <min>1</min>
        <max>1</max>
        <type>5</type>
        <minLength>0</minLength>
        <maxLength>-1</maxLength>
        <option>1</option>
       </field>
      </record>
      <record>
       <name>TAX</name>
       <min>0</min>
       <max>1</max>
       <option>0</option>
       <field>
        <name>value</name>
        <min>1</min>
        <max>1</max>
        <type>5</type>
        <minLength>0</minLength>
        <maxLength>-1</maxLength>
        <option>1</option>
       </field>
      </record>
      <record>
       <name>ADDITIONAL_INFO</name>
       <min>0</min>
       <max>1</max>
       <option>0</option>
       <field>
        <name>value</name>
        <min>1</min>
        <max>1</max>
        <type>5</type>
        <minLength>0</minLength>
        <maxLength>-1</maxLength>
        <option>1</option>
       </field>
      </record>
      <record>
       <name>AMOUNT_DETAILS</name>
       <min>0</min>
       <max>-1</max>
       <option>0</option>
       <record>
        <name>QUALIFIER</name>
        <min>0</min>
        <max>1</max>
        <option>0</option>
        <field>
         <name>value</name>
         <min>1</min>
         <max>1</max>
         <type>5</type>
         <minLength>0</minLength>
         <maxLength>-1</maxLength>
         <option>1</option>
        </field>
       </record>
       <record>
        <name>AMOUNT</name>
        <min>0</min>
        <max>1</max>
        <option>0</option>
        <field>
         <name>value</name>
         <min>1</min>
         <max>1</max>
         <type>5</type>
         <minLength>0</minLength>
         <maxLength>-1</maxLength>
         <option>1</option>
        </field>
       </record>
       <record>
        <name>CURRENCY</name>
        <min>0</min>
        <max>1</max>
        <option>0</option>
        <field>
         <name>value</name>
         <min>1</min>
         <max>1</max>
         <type>5</type>
         <minLength>0</minLength>
         <maxLength>-1</maxLength>
         <option>1</option>
        </field>
       </record>
       <record>
        <name>PRICE_UNIT</name>
        <min>0</min>
        <max>1</max>
        <option>0</option>
        <field>
         <name>value</name>
         <min>1</min>
         <max>1</max>
         <type>5</type>
         <minLength>0</minLength>
         <maxLength>-1</maxLength>
         <option>1</option>
        </field>
       </record>
       <record>
        <name>MEASURE_UNIT_QUALIFIER</name>
        <min>0</min>
        <max>1</max>
        <option>0</option>
        <field>
         <name>value</name>
         <min>1</min>
         <max>1</max>
         <type>5</type>
         <minLength>0</minLength>
         <maxLength>-1</maxLength>
         <option>1</option>
        </field>
       </record>
      </record>
     </record>
     <record>
      <name>TERMS_OF_PAYMENT</name>
      <min>0</min>
      <max>-1</max>
      <option>0</option>
      <record>
       <name>QUALIFIER</name>
       <min>0</min>
       <max>1</max>
       <option>0</option>
       <field>
        <name>value</name>
        <min>1</min>
        <max>1</max>
        <type>5</type>
        <minLength>0</minLength>
        <maxLength>-1</maxLength>
        <option>1</option>
       </field>
      </record>
      <record>
       <name>TIME_REFERENCE_CODED</name>
       <min>0</min>
       <max>1</max>
       <option>0</option>
       <field>
        <name>value</name>
        <min>1</min>
        <max>1</max>
        <type>5</type>
        <minLength>0</minLength>
        <maxLength>-1</maxLength>
        <option>1</option>
       </field>
      </record>
      <record>
       <name>TIME_RELATION_CODED</name>
       <min>0</min>
       <max>1</max>
       <option>0</option>
       <field>
        <name>value</name>
        <min>1</min>
        <max>1</max>
        <type>5</type>
        <minLength>0</minLength>
        <maxLength>-1</maxLength>
        <option>1</option>
       </field>
      </record>
      <record>
       <name>PERIOD_TYPE</name>
       <min>0</min>
       <max>1</max>
       <option>0</option>
       <field>
        <name>value</name>
        <min>1</min>
        <max>1</max>
        <type>5</type>
        <minLength>0</minLength>
        <maxLength>-1</maxLength>
        <option>1</option>
       </field>
      </record>
      <record>
       <name>NUMBER_OF_PERIODS</name>
       <min>0</min>
       <max>1</max>
       <option>0</option>
       <field>
        <name>value</name>
        <min>1</min>
        <max>1</max>
        <type>5</type>
        <minLength>0</minLength>
        <maxLength>-1</maxLength>
        <option>1</option>
       </field>
      </record>
      <record>
       <name>PERCENTAGE</name>
       <min>0</min>
       <max>-1</max>
       <option>0</option>
       <record>
        <name>QUALIFIER</name>
        <min>0</min>
        <max>1</max>
        <option>0</option>
        <field>
         <name>value</name>
         <min>1</min>
         <max>1</max>
         <type>5</type>
         <minLength>0</minLength>
         <maxLength>-1</maxLength>
         <option>1</option>
        </field>
       </record>
       <record>
        <name>PERCENTAGE</name>
        <min>0</min>
        <max>1</max>
        <option>0</option>
        <field>
         <name>value</name>
         <min>1</min>
         <max>1</max>
         <type>5</type>
         <minLength>0</minLength>
         <maxLength>-1</maxLength>
         <option>1</option>
        </field>
       </record>
      </record>
      <record>
       <name>DATE</name>
       <min>0</min>
       <max>-1</max>
       <option>0</option>
       <referTo>DATE</referTo>
      </record>
      <record>
       <name>TXT</name>
       <min>0</min>
       <max>-1</max>
       <option>0</option>
       <referTo>TXT</referTo>
      </record>
     </record>
     <record>
      <name>ALLOWANCE_CHARGE</name>
      <min>0</min>
      <max>-1</max>
      <option>0</option>
      <record>
       <name>QUALIFIER</name>
       <min>0</min>
       <max>1</max>
       <option>0</option>
       <field>
        <name>value</name>
        <min>1</min>
        <max>1</max>
        <type>5</type>
        <minLength>0</minLength>
        <maxLength>-1</maxLength>
        <option>1</option>
       </field>
      </record>
      <record>
       <name>SIGN_ALLOWANCE_CHARGE</name>
       <min>0</min>
       <max>1</max>
       <option>0</option>
       <field>
        <name>value</name>
        <min>1</min>
        <max>1</max>
        <type>5</type>
        <minLength>0</minLength>
        <maxLength>-1</maxLength>
        <option>1</option>
       </field>
      </record>
      <record>
       <name>CONDITION_KEY</name>
       <min>0</min>
       <max>1</max>
       <option>0</option>
       <field>
        <name>value</name>
        <min>1</min>
        <max>1</max>
        <type>5</type>
        <minLength>0</minLength>
        <maxLength>-1</maxLength>
        <option>1</option>
       </field>
      </record>
      <record>
       <name>CONDITION_TEXT</name>
       <min>0</min>
       <max>1</max>
       <option>0</option>
       <field>
        <name>value</name>
        <min>1</min>
        <max>1</max>
        <type>5</type>
        <minLength>0</minLength>
        <maxLength>-1</maxLength>
        <option>1</option>
       </field>
      </record>
      <record>
       <name>CONDITION_PERCENTAGE</name>
       <min>0</min>
       <max>1</max>
       <option>0</option>
       <field>
        <name>value</name>
        <min>1</min>
        <max>1</max>
        <type>5</type>
        <minLength>0</minLength>
        <maxLength>-1</maxLength>
        <option>1</option>
       </field>
      </record>
      <record>
       <name>CONDITION_RATE</name>
       <min>0</min>
       <max>1</max>
       <option>0</option>
       <field>
        <name>value</name>
        <min>1</min>
        <max>1</max>
        <type>5</type>
        <minLength>0</minLength>
        <maxLength>-1</maxLength>
        <option>1</option>
       </field>
      </record>
      <record>
       <name>AMOUNT_DETAILS</name>
       <min>0</min>
       <max>-1</max>
       <option>0</option>
       <referTo>AMOUNT_DETAILS</referTo>
      </record>
      <record>
       <name>TXT</name>
       <min>0</min>
       <max>-1</max>
       <option>0</option>
       <referTo>TXT</referTo>
      </record>
     </record>
     <record>
      <name>AMOUNT_DETAILS</name>
      <min>0</min>
      <max>-1</max>
      <option>0</option>
      <referTo>AMOUNT_DETAILS</referTo>
     </record>
     <record>
      <name>TRANSPORT_DETAILS</name>
      <min>0</min>
      <max>1</max>
      <option>0</option>
      <record>
       <name>TRANSPORT_NUMBER</name>
       <min>0</min>
       <max>1</max>
       <option>0</option>
       <field>
        <name>value</name>
        <min>1</min>
        <max>1</max>
        <type>5</type>
        <minLength>0</minLength>
        <maxLength>-1</maxLength>
        <option>1</option>
       </field>
      </record>
      <record>
       <name>MODE_OF_TRANSPORT</name>
       <min>0</min>
       <max>1</max>
       <option>0</option>
       <field>
        <name>value</name>
        <min>1</min>
        <max>1</max>
        <type>5</type>
        <minLength>0</minLength>
        <maxLength>-1</maxLength>
        <option>1</option>
       </field>
      </record>
      <record>
       <name>ADDITIONAL_DETAILS</name>
       <min>0</min>
       <max>-1</max>
       <option>0</option>
       <record>
        <name>QUALIFIER</name>
        <min>0</min>
        <max>1</max>
        <option>0</option>
        <field>
         <name>value</name>
         <min>1</min>
         <max>1</max>
         <type>5</type>
         <minLength>0</minLength>
         <maxLength>-1</maxLength>
         <option>1</option>
        </field>
       </record>
       <record>
        <name>DETAILS</name>
        <min>0</min>
        <max>1</max>
        <option>0</option>
        <field>
         <name>value</name>
         <min>1</min>
         <max>1</max>
         <type>5</type>
         <minLength>0</minLength>
         <maxLength>-1</maxLength>
         <option>1</option>
        </field>
       </record>
      </record>
      <record>
       <name>DATE</name>
       <min>0</min>
       <max>-1</max>
       <option>0</option>
       <referTo>DATE</referTo>
      </record>
     </record>
     <record>
      <name>ITEM</name>
      <description>
       <standardTitle>Item information</standardTitle>
      </description>
      <min>1</min>
      <max>-1</max>
      <option>1</option>
      <record>
       <name>ITEM_POS</name>
       <description>
        <standardTitle>Item Position Description</standardTitle>
       </description>
       <min>0</min>
       <max>1</max>
       <option>0</option>
       <record>
        <name>LINE_ITEM_NUMBER</name>
        <min>0</min>
        <max>1</max>
        <option>0</option>
        <field>
         <name>value</name>
         <min>1</min>
         <max>1</max>
         <type>5</type>
         <minLength>0</minLength>
         <maxLength>-1</maxLength>
         <option>1</option>
        </field>
       </record>
       <record>
        <name>LINE_SUB_ITEM_NUMBER</name>
        <min>0</min>
        <max>1</max>
        <option>0</option>
        <field>
         <name>value</name>
         <min>1</min>
         <max>1</max>
         <type>5</type>
         <minLength>0</minLength>
         <maxLength>-1</maxLength>
         <option>1</option>
        </field>
       </record>
       <record>
        <name>COUNTRY_OF_ORIGIN</name>
        <min>0</min>
        <max>1</max>
        <option>0</option>
        <field>
         <name>value</name>
         <min>1</min>
         <max>1</max>
         <type>5</type>
         <minLength>0</minLength>
         <maxLength>-1</maxLength>
         <option>1</option>
        </field>
       </record>
       <record>
        <name>ITEM_DESCRIPTION</name>
        <min>0</min>
        <max>-1</max>
        <option>0</option>
        <field>
         <name>value</name>
         <min>1</min>
         <max>1</max>
         <type>5</type>
         <minLength>0</minLength>
         <maxLength>-1</maxLength>
         <option>1</option>
        </field>
       </record>
      </record>
      <record>
       <name>ITEM_NUMBER</name>
       <min>0</min>
       <max>-1</max>
       <option>0</option>
       <record>
        <name>QUALIFIER</name>
        <min>0</min>
        <max>1</max>
        <option>0</option>
        <field>
         <name>value</name>
         <min>1</min>
         <max>1</max>
         <type>5</type>
         <minLength>0</minLength>
         <maxLength>-1</maxLength>
         <option>1</option>
        </field>
       </record>
       <record>
        <name>ITEM_NUMBER</name>
        <min>0</min>
        <max>1</max>
        <option>0</option>
        <field>
         <name>value</name>
         <min>1</min>
         <max>1</max>
         <type>5</type>
         <minLength>0</minLength>
         <maxLength>-1</maxLength>
         <option>1</option>
        </field>
       </record>
       <record>
        <name>ADDITIONAL_INFO</name>
        <min>0</min>
        <max>1</max>
        <option>0</option>
        <field>
         <name>value</name>
         <min>1</min>
         <max>1</max>
         <type>5</type>
         <minLength>0</minLength>
         <maxLength>-1</maxLength>
         <option>1</option>
        </field>
       </record>
      </record>
      <record>
       <name>QTY</name>
       <min>0</min>
       <max>-1</max>
       <option>0</option>
       <referTo>QTY</referTo>
      </record>
      <record>
       <name>AMOUNT_DETAILS</name>
       <min>0</min>
       <max>-1</max>
       <option>0</option>
       <referTo>AMOUNT_DETAILS</referTo>
      </record>
      <record>
       <name>REF</name>
       <min>0</min>
       <max>-1</max>
       <option>0</option>
       <referTo>REF</referTo>
      </record>
      <record>
       <name>DATE</name>
       <min>0</min>
       <max>-1</max>
       <option>0</option>
       <referTo>DATE</referTo>
      </record>
      <record>
       <name>ADD</name>
       <min>0</min>
       <max>-1</max>
       <option>0</option>
       <referTo>ADD</referTo>
      </record>
      <record>
       <name>WEIGHT_AND_VOLUME</name>
       <min>0</min>
       <max>-1</max>
       <option>0</option>
       <referTo>WEIGHT_AND_VOLUME</referTo>
      </record>
      <record>
       <name>TXT</name>
       <min>0</min>
       <max>-1</max>
       <option>0</option>
       <referTo>TXT</referTo>
      </record>
      <record>
       <name>PACKAGE_DETAILS</name>
       <min>0</min>
       <max>-1</max>
       <option>0</option>
       <record>
        <name>LABEL</name>
        <min>0</min>
        <max>1</max>
        <option>0</option>
        <field>
         <name>value</name>
         <min>1</min>
         <max>1</max>
         <type>5</type>
         <minLength>0</minLength>
         <maxLength>-1</maxLength>
         <option>1</option>
        </field>
       </record>
       <record>
        <name>PACKAGE_PARTNUMBER_CUSTOMER</name>
        <min>0</min>
        <max>1</max>
        <option>0</option>
        <field>
         <name>value</name>
         <min>1</min>
         <max>1</max>
         <type>5</type>
         <minLength>0</minLength>
         <maxLength>-1</maxLength>
         <option>1</option>
        </field>
       </record>
       <record>
        <name>PACKAGE_PARTNUMBER_SUPPLIER</name>
        <min>0</min>
        <max>1</max>
        <option>0</option>
        <field>
         <name>value</name>
         <min>1</min>
         <max>1</max>
         <type>5</type>
         <minLength>0</minLength>
         <maxLength>-1</maxLength>
         <option>1</option>
        </field>
       </record>
       <record>
        <name>NUMBER_OF_PACKAGES</name>
        <min>0</min>
        <max>1</max>
        <option>0</option>
        <field>
         <name>value</name>
         <min>1</min>
         <max>1</max>
         <type>5</type>
         <minLength>0</minLength>
         <maxLength>-1</maxLength>
         <option>1</option>
        </field>
       </record>
       <record>
        <name>QUANTITY_PER_PACKAGE</name>
        <min>0</min>
        <max>1</max>
        <option>0</option>
        <field>
         <name>value</name>
         <min>1</min>
         <max>1</max>
         <type>5</type>
         <minLength>0</minLength>
         <maxLength>-1</maxLength>
         <option>1</option>
        </field>
       </record>
       <record>
        <name>QUANTITY_UNIT</name>
        <min>0</min>
        <max>1</max>
        <option>0</option>
        <field>
         <name>value</name>
         <min>1</min>
         <max>1</max>
         <type>5</type>
         <minLength>0</minLength>
         <maxLength>-1</maxLength>
         <option>1</option>
        </field>
       </record>
       <record>
        <name>WEIGHT_AND_VOLUME</name>
        <min>0</min>
        <max>-1</max>
        <option>0</option>
        <referTo>WEIGHT_AND_VOLUME</referTo>
       </record>
       <record>
        <name>REF</name>
        <min>0</min>
        <max>-1</max>
        <option>0</option>
        <referTo>REF</referTo>
       </record>
      </record>
      <record>
       <name>TAX</name>
       <description>
        <standardTitle>Tax Information</standardTitle>
       </description>
       <min>0</min>
       <max>-1</max>
       <option>0</option>
       <referTo>TAX</referTo>
      </record>
      <record>
       <name>ALLOWANCE_CHARGE</name>
       <min>0</min>
       <max>-1</max>
       <option>0</option>
       <referTo>ALLOWANCE_CHARGE</referTo>
      </record>
      <record>
       <name>QTY_DATE_REF</name>
       <min>0</min>
       <max>-1</max>
       <option>0</option>
       <record>
        <name>QUALIFIER</name>
        <min>0</min>
        <max>1</max>
        <option>0</option>
        <field>
         <name>value</name>
         <min>1</min>
         <max>1</max>
         <type>5</type>
         <minLength>0</minLength>
         <maxLength>-1</maxLength>
         <option>1</option>
        </field>
       </record>
       <record>
        <name>DATE</name>
        <min>0</min>
        <max>1</max>
        <option>0</option>
        <field>
         <name>value</name>
         <min>1</min>
         <max>1</max>
         <type>5</type>
         <minLength>0</minLength>
         <maxLength>-1</maxLength>
         <option>1</option>
        </field>
       </record>
       <record>
        <name>TIME</name>
        <min>0</min>
        <max>1</max>
        <option>0</option>
        <field>
         <name>value</name>
         <min>1</min>
         <max>1</max>
         <type>5</type>
         <minLength>0</minLength>
         <maxLength>-1</maxLength>
         <option>1</option>
        </field>
       </record>
       <record>
        <name>QUANTITY</name>
        <min>0</min>
        <max>1</max>
        <option>0</option>
        <field>
         <name>value</name>
         <min>1</min>
         <max>1</max>
         <type>5</type>
         <minLength>0</minLength>
         <maxLength>-1</maxLength>
         <option>1</option>
        </field>
       </record>
       <record>
        <name>QUANTITY_UNIT</name>
        <min>0</min>
        <max>1</max>
        <option>0</option>
        <field>
         <name>value</name>
         <min>1</min>
         <max>1</max>
         <type>5</type>
         <minLength>0</minLength>
         <maxLength>-1</maxLength>
         <option>1</option>
        </field>
       </record>
       <record>
        <name>REFERENCE</name>
        <min>0</min>
        <max>1</max>
        <option>0</option>
        <field>
         <name>value</name>
         <min>1</min>
         <max>1</max>
         <type>5</type>
         <minLength>0</minLength>
         <maxLength>-1</maxLength>
         <option>1</option>
        </field>
       </record>
       <record>
        <name>DATE_END</name>
        <min>0</min>
        <max>1</max>
        <option>0</option>
        <field>
         <name>value</name>
         <min>1</min>
         <max>1</max>
         <type>5</type>
         <minLength>0</minLength>
         <maxLength>-1</maxLength>
         <option>1</option>
        </field>
       </record>
       <record>
        <name>TIME_END</name>
        <min>0</min>
        <max>1</max>
        <option>0</option>
        <field>
         <name>value</name>
         <min>1</min>
         <max>1</max>
         <type>5</type>
         <minLength>0</minLength>
         <maxLength>-1</maxLength>
         <option>1</option>
        </field>
       </record>
       <record>
        <name>QUANTITY_END</name>
        <min>0</min>
        <max>1</max>
        <option>0</option>
        <field>
         <name>value</name>
         <min>1</min>
         <max>1</max>
         <type>5</type>
         <minLength>0</minLength>
         <maxLength>-1</maxLength>
         <option>1</option>
        </field>
       </record>
       <record>
        <name>ADDITIONAL_INFO</name>
        <min>0</min>
        <max>1</max>
        <option>0</option>
        <field>
         <name>value</name>
         <min>1</min>
         <max>1</max>
         <type>5</type>
         <minLength>0</minLength>
         <maxLength>-1</maxLength>
         <option>1</option>
        </field>
       </record>
      </record>
      <record>
       <name>SCHEDULE</name>
       <min>0</min>
       <max>-1</max>
       <option>0</option>
       <record>
        <name>START_DATE</name>
        <min>0</min>
        <max>1</max>
        <option>0</option>
        <field>
         <name>value</name>
         <min>1</min>
         <max>1</max>
         <type>5</type>
         <minLength>0</minLength>
         <maxLength>-1</maxLength>
         <option>1</option>
        </field>
       </record>
       <record>
        <name>START_TIME</name>
        <min>0</min>
        <max>1</max>
        <option>0</option>
        <field>
         <name>value</name>
         <min>1</min>
         <max>1</max>
         <type>5</type>
         <minLength>0</minLength>
         <maxLength>-1</maxLength>
         <option>1</option>
        </field>
       </record>
       <record>
        <name>END_DATE</name>
        <min>0</min>
        <max>1</max>
        <option>0</option>
        <field>
         <name>value</name>
         <min>1</min>
         <max>1</max>
         <type>5</type>
         <minLength>0</minLength>
         <maxLength>-1</maxLength>
         <option>1</option>
        </field>
       </record>
       <record>
        <name>END_TIME</name>
        <min>0</min>
        <max>1</max>
        <option>0</option>
        <field>
         <name>value</name>
         <min>1</min>
         <max>1</max>
         <type>5</type>
         <minLength>0</minLength>
         <maxLength>-1</maxLength>
         <option>1</option>
        </field>
       </record>
       <record>
        <name>QUANTITY</name>
        <min>0</min>
        <max>1</max>
        <option>0</option>
        <field>
         <name>value</name>
         <min>1</min>
         <max>1</max>
         <type>5</type>
         <minLength>0</minLength>
         <maxLength>-1</maxLength>
         <option>1</option>
        </field>
       </record>
       <record>
        <name>CUM_QUANTITY</name>
        <min>0</min>
        <max>1</max>
        <option>0</option>
        <field>
         <name>value</name>
         <min>1</min>
         <max>1</max>
         <type>5</type>
         <minLength>0</minLength>
         <maxLength>-1</maxLength>
         <option>1</option>
        </field>
       </record>
       <record>
        <name>QUANTITY_UNIT</name>
        <min>0</min>
        <max>1</max>
        <option>0</option>
        <field>
         <name>value</name>
         <min>1</min>
         <max>1</max>
         <type>5</type>
         <minLength>0</minLength>
         <maxLength>-1</maxLength>
         <option>1</option>
        </field>
       </record>
       <record>
        <name>FORECAST_QUALIFIER</name>
        <min>0</min>
        <max>1</max>
        <option>0</option>
        <field>
         <name>value</name>
         <min>1</min>
         <max>1</max>
         <type>5</type>
         <minLength>0</minLength>
         <maxLength>-1</maxLength>
         <option>1</option>
        </field>
       </record>
       <record>
        <name>TIMING_QUALIFIER</name>
        <min>0</min>
        <max>1</max>
        <option>0</option>
        <field>
         <name>value</name>
         <min>1</min>
         <max>1</max>
         <type>5</type>
         <minLength>0</minLength>
         <maxLength>-1</maxLength>
         <option>1</option>
        </field>
       </record>
       <record>
        <name>NUMBER_OF_WORKING_DAYS</name>
        <min>0</min>
        <max>1</max>
        <option>0</option>
        <field>
         <name>value</name>
         <min>1</min>
         <max>1</max>
         <type>5</type>
         <minLength>0</minLength>
         <maxLength>-1</maxLength>
         <option>1</option>
        </field>
       </record>
       <record>
        <name>ORIGINAL_DATE_TIME</name>
        <min>0</min>
        <max>1</max>
        <option>0</option>
        <field>
         <name>value</name>
         <min>1</min>
         <max>1</max>
         <type>5</type>
         <minLength>0</minLength>
         <maxLength>-1</maxLength>
         <option>1</option>
        </field>
       </record>
       <record>
        <name>ORIGINAL_DATE_TIME_CODE</name>
        <min>0</min>
        <max>1</max>
        <option>0</option>
        <field>
         <name>value</name>
         <min>1</min>
         <max>1</max>
         <type>5</type>
         <minLength>0</minLength>
         <maxLength>-1</maxLength>
         <option>1</option>
        </field>
       </record>
       <record>
        <name>TIME_PERIOD_CODED</name>
        <min>0</min>
        <max>1</max>
        <option>0</option>
        <field>
         <name>value</name>
         <min>1</min>
         <max>1</max>
         <type>5</type>
         <minLength>0</minLength>
         <maxLength>-1</maxLength>
         <option>1</option>
        </field>
       </record>
       <record>
        <name>DELIVERY_REQUIREMENTS_CODED</name>
        <description>
         <standardText>SCC.4493</standardText>
        </description>
        <min>0</min>
        <max>1</max>
        <option>0</option>
        <field>
         <name>value</name>
         <min>1</min>
         <max>1</max>
         <type>5</type>
         <minLength>0</minLength>
         <maxLength>-1</maxLength>
         <option>1</option>
        </field>
       </record>
       <record>
        <name>DESPATCH_PATTERN_TIMING_CODED</name>
        <description>
         <standardText>SCC.2017</standardText>
        </description>
        <min>0</min>
        <max>1</max>
        <option>0</option>
        <field>
         <name>value</name>
         <min>1</min>
         <max>1</max>
         <type>5</type>
         <minLength>0</minLength>
         <maxLength>-1</maxLength>
         <option>1</option>
        </field>
       </record>
       <record>
        <name>REF</name>
        <min>0</min>
        <max>-1</max>
        <option>0</option>
        <referTo>REF</referTo>
       </record>
       <record>
        <name>DATE</name>
        <min>0</min>
        <max>-1</max>
        <option>0</option>
        <referTo>DATE</referTo>
       </record>
       <record>
        <name>TXT</name>
        <min>0</min>
        <max>-1</max>
        <option>0</option>
        <referTo>TXT</referTo>
       </record>
      </record>
     </record>
    </record>
   </record>
  </record>
 </record>
</message>
