<?xml version="1.0" encoding="UTF-8"?>
<mapping version="6.0" progLang="0">
 <name>M7_I_RG_BAUSTOFF_to_E_INVOIC_UN_D93A</name>
 <metaInfo>
  <classFile>M7_I_RG_BAUSTOFF_to_E_INVOIC_UN_D93A_1</classFile>
 </metaInfo>
 <triggers>
  <NewMapping>
   <text>/* This is autogenerated code.
DO NOT EDIT! */

//Sourceoptions part start

//Sourceoptions part stop

//Destinationoptions part start

//Destinationoptions part stop

//Globaloptions part start

modifyWarningLevel(3031, 4);
//Globaloptions part stop

//Variables part start

global UNH_Counter%;
//Variables part stop

/* This is the end of autogenerated code.
DO NOT EDIT! */
 //2810198008910182BICDESIGNER2810198008910182 
</text>
  </NewMapping>
  <Root>
   <text>/* This is autogenerated code.
DO NOT EDIT! */

//Variables part start

dim UNH_Counter_Str$;
dim UNB_Base$;
dim TimeStamp$;
dim Steuersatz%;
dim Steuerbetrag%;
dim PreDecimals$;
dim kkk%;
dim IF_Wert$;
dim DecimalAll$;
dim Decimal2$;
dim Decimal1$;
dim DateStamp$;
dim Steuerbetrag%;
dim Steuersatz%;
//Variables part stop

/* This is the end of autogenerated code.
DO NOT EDIT! */
 //2810198008910182BICDESIGNER2810198008910182 
</text>
  </Root>
  <NewMessageType/>
  <NewMessage/>
  <MessageEnd/>
  <MessageTypeEnd/>
  <FileEnd/>
  <MappingEnd/>
 </triggers>
 <sourceMessages>
  <sourceMessage kind="3">
   <name>RG_BAUSTOFF</name>
   <recordMapping>
    <fullname>100#1</fullname>
    <text>/* dim Steuersatz%, Steuerbetrag%;   moved to variablePanel */
// dim kkk%; moved to variablePanel

ResetCounter(UNH, ALL);
ResetCounter(UNB, UNH);
SetNewLine( "on" );

// dim DateStamp$, TimeStamp$; moved to variablePanel

// global UNH_Counter%; moved to variablePanel

// dim UNH_Counter_Str$, UNB_Base$; moved to variablePanel

// Dim Decimal1$, Decimal2$, DecimalAll$, PreDecimals$, IF_Wert$; moved to variablePanel

copy UNH_Counter% + 1 to UNH_Counter%;

// filling UNB - with more comfort later
if UNH_Counter% = 1

   copy ":+.? '" to UNA:DELIMITER;
   copy "UNOC" to UNB:S001.0001;
   copy "3" to UNB:S001.0002;
   copy "SENDER" to UNB:S002.0004;
   copy "RECIPIENT" to UNB:S003.0010;
   //DateStamp$ = currentdate();
   DateStamp$ = "010118";
   copy "010118" to UNB:S004.0017;
   // Time replaced by a constant from the Testsuite so that the result files can be better compared
   //copy currenttime() to UNB:S004.0019;
   copy "1431" to UNB:S004.0019;

   // 0020 normally requires a unique sequential number - temporary solved with a date-time-stamp
   // replaced by constant for comparison purposes
   //copy currenttimestamp() to TimeStamp$;
   copy "1431" to TimeStamp$;

   //removing "."
   copy DateStamp$ &amp; left(TimeStamp$,6) to TimeStamp$;
   //copy TimeStamp$ to UNB:0020;
   UNB_BASE$ = "472";
   copy UNB_BASE$ to UNB:0020;
   copy UNB_BASE$ to UNB.UNZ:0020;
endif

/* filling UNH
 0062 will later get a number as in TLA*/

/* changed for comparison
copy UNH_Counter% to UNB.UNH:0062;*/
if UNH_Counter% &lt; 10
   UNH_Counter_Str$ = "0" &amp; UNH_Counter%;
else
   UNH_Counter_Str$ = UNH_Counter%;
endif
UNH_Counter_Str$ = "00000" &amp; UNB_Base$ &amp; "0000" &amp; UNH_Counter_Str$;
copy UNH_Counter_Str$ to UNB.UNH:0062;
copy UNH_Counter_Str$ to UNB.UNH.UNT:0062;

copy "INVOIC" to UNB.UNH:S009.0065;
copy "D" to UNB.UNH:S009.0052;
copy "93A" to UNB.UNH:S009.0054;
copy "UN" to UNB.UNH:S009.0051;
copy "EAN007" to UNB.UNH:S009.0057;

// fill UNS
copy "S" to UNB.UNH.UNS:0081;

// fill BGM
copy 100:RG_TYP to UNB.UNH.BGM:C002.1001;
copy 100:RG_NUMMER to UNB.UNH.BGM:1004;

// fill DTM
copy 100:RG_DATUM to UNB.UNH.DTM:C507.2380;
copy "137" to UNB.UNH.DTM:C507.2005;
copy "102" to UNB.UNH.DTM:C507.2379;

// fill RFF
copy 100:LIEFERSCHEIN_NR to UNB.UNH.G01.RFF:C506.1154;
copy "AAJ" to UNB.UNH.G01.RFF:C506.1153;

// second DTM
copy 100:LIEFER_DATUM to UNB.UNH.G01.RFF.DTM:C507.2380;
copy "35"             to UNB.UNH.G01.RFF.DTM:C507.2005;
copy "102"            to UNB.UNH.G01.RFF.DTM:C507.2379;

copy 100:LS_DATUM     to UNB.UNH.G01.RFF.DTM:C507.2380;
copy "171"            to UNB.UNH.G01.RFF.DTM:C507.2005;
copy "102"            to UNB.UNH.G01.RFF.DTM:C507.2379;

// RFF
copy 100:BESTELL_NR to UNB.UNH.G02.NAD.G03.RFF:C506.1154;
copy "ON" to UNB.UNH.G02.NAD.G03.RFF:C506.1153;

copy 100:BESTELL_DATUM to UNB.UNH.G02.NAD.G03.RFF.DTM:C507.2380;
copy "171" to UNB.UNH.G02.NAD.G03.RFF.DTM:C507.2005;
copy "102" to UNB.UNH.G02.NAD.G03.RFF.DTM:C507.2379;

copy 100:AUFTRAGS_NR to UNB.UNH.G02.NAD.G03.RFF:C506.1154;
copy "VN" to UNB.UNH.G02.NAD.G03.RFF:C506.1153;

// 3rd DTM
copy 100:AUFTRAGS_DATUM to UNB.UNH.G02.NAD.G03.RFF.DTM:C507.2380;
copy "171" to UNB.UNH.G02.NAD.G03.RFF.DTM:C507.2005;
copy "102" to UNB.UNH.G02.NAD.G03.RFF.DTM:C507.2379;

// NADs
copy 100:BBN_ABSENDER to UNB.UNH.G02.NAD:C082.3039;
copy "SE" to UNB.UNH.G02.NAD:3035;
copy "9" to UNB.UNH.G02.NAD:C082.3055;

copy 100:BBN_REMPF to UNB.UNH.G02.NAD:C082.3039;
copy "IV" to UNB.UNH.G02.NAD:3035;
copy "9" to UNB.UNH.G02.NAD:C082.3055;

copy 100:BBN_KAUFER to UNB.UNH.G02.NAD:C082.3039;
copy "BY" to UNB.UNH.G02.NAD:3035;
copy "9" to UNB.UNH.G02.NAD:C082.3055;

// RFF below PAC
copy 100:KUNDEN_NR to UNB.UNH.G12.PAC.G13.PCI.RFF:C506.1154;
copy "API" to UNB.UNH.G12.PAC.G13.PCI.RFF:C506.1153;
/* TAX
Sonderbehandlung FNLZ*/
if left(l00:STEUERSATZ,3) &lt;&gt; "000"
   if left(l00:STEUERSATZ,2) = "00"
        copy mid(l00:STEUERSATZ,3,1) to UNB.UNH.G06.TAX:C243.5279;
   else
        if left(100:Steuersatz,1) = "0"
            copy mid(l00:STEUERSATZ,2,2) to UNB.UNH.G06.TAX:C243.5279;
        else
            copy left(l00:STEUERSATZ,3) to UNB.UNH.G06.TAX:C243.5279;
        endif
   endif
endif

copy "7" to UNB.UNH.G06.TAX:5283;
copy "VAT" to UNB.UNH.G06.TAX:C241.5153;
copy "S" to UNB.UNH.G06.TAX:5305;

// CUX

copy 100:WAHRUNG to UNB.UNH.G07.CUX:C504_1.6345;

copy "2" to UNB.UNH.G07.CUX:C504_1.6347;

copy "4" to UNB.UNH.G07.CUX:C504_1.6343;

// PAT

copy 100:SKONTOTAGE to UNB.UNH.G08.PAT:C112.2152;

copy "22" to UNB.UNH.G08.PAT:4279;

copy "D" to UNB.UNH.G08.PAT:C112.2151;

copy "5" to UNB.UNH.G08.PAT:C112.2475;

copy "3" to UNB.UNH.G08.PAT:C112.2009;

copy 100:SKONTO_DATUM to UNB.UNH.G08.PAT.DTM:C507.2380;

copy "012" to UNB.UNH.G08.PAT.DTM:C507.2005;

copy "102" to UNB.UNH.G08.PAT.DTM:C507.2379;

//copy 100:SKONTO_PROZENT to UNB.UNH.G08.PAT.PCD:C501.5482;
if left(100:SKONTO_PROZENT,3) &lt;&gt; "000"
   if left(100:SKONTO_PROZENT,2) = "00"
        copy mid(100:SKONTO_PROZENT,3,1) to UNB.UNH.G08.PAT.PCD:C501.5482;
   else
        if left(100:SKONTO_PROZENT,1) = "0"
            copy mid(100:SKONTO_PROZENT,2,2) to UNB.UNH.G08.PAT.PCD:C501.5482;
        else
            copy left(100:SKONTO_PROZENT,3) to UNB.UNH.G08.PAT.PCD:C501.5482;
        endif
   endif
endif
copy "7" to UNB.UNH.G08.PAT.PCD:C501.5245;

copy 100:NETTO_DATUM to UNB.UNH.G08.PAT.DTM:C507.2380;
copy "013" to UNB.UNH.G08.PAT.DTM:C507.2005;
copy "102" to UNB.UNH.G08.PAT.DTM:C507.2379;

/* another PAT
 the zero here will not be transfered now -&gt; bug 539*/
copy 100:VALUTA_TAGE to UNB.UNH.G08.PAT:C112.2152;
copy "07" to UNB.UNH.G08.PAT:4279;
copy "D" to UNB.UNH.G08.PAT:C112.2151;
copy "5" to UNB.UNH.G08.PAT:C112.2475;
copy "3" to UNB.UNH.G08.PAT:C112.2009;

   copy 100:VALUTA_DATUM to UNB.UNH.G08.PAT.DTM:C507.2380;
   copy "209" to UNB.UNH.G08.PAT.DTM:C507.2005;</text>
   </recordMapping>
   <recordMapping>
    <fullname>110#1</fullname>
    <text>// NAD
copy "DP" to UNB.UNH.G02.NAD:3035;
// some fields can only be transferred in this version by changing the element name into _SequenceNumber
copy 110:LIEFERNAME1 to UNB.UNH.G02.NAD:C080.3036_1;
copy 110:LIEFERNAME2 to UNB.UNH.G02.NAD:C080.3036_2;
copy 110:STRASSE to UNB.UNH.G02.NAD:C059.3042_1;
copy 110:POSTFACH to UNB.UNH.G02.NAD:C059.3042_2;
copy 110:ORT to UNB.UNH.G02.NAD:3164;
copy 110:PLZ to UNB.UNH.G02.NAD:3251;
copy 110:LIEFERANT_LAGER to UNB.UNH.G02.NAD:C058.3124_1;

// TDT
copy "30" to UNB.UNH.G09.TDT:C220.8067;
copy "31" to UNB.UNH.G09.TDT:C228.8179;
copy "20" to UNB.UNH.G09.TDT:8051;
copy 110:FRACHTFUHRER to UNB.UNH.G09.TDT:C040.3128;

// TDT
copy "NC" to UNB.UNH.G11.TOD:4215;
copy "6" to UNB.UNH.G11.TOD:4055;
</text>
   </recordMapping>
   <recordMapping>
    <fullname>200#1</fullname>
    <text>// LIN
copy 200:POS_NR to UNB.UNH.G22.LIN:1082;
if 200:EAN_NR = 0
//    Compatibility to TLA
   copy "0" to UNB.UNH.G22.LIN:C212.7140;
else
   copy 200:EAN_NR to UNB.UNH.G22.LIN:C212.7140;
endif
copy "EN" to UNB.UNH.G22.LIN:C212.7143;

// PIA
copy 200:ART_NR_LIEF to UNB.UNH.G22.LIN.PIA:C212_1.7140;
copy "SA" to UNB.UNH.G22.LIN.PIA:C212_1.7143;
copy "1" to UNB.UNH.G22.LIN.PIA:4347;

copy 200:ART_NR_KAUFER to UNB.UNH.G22.LIN.PIA:C212_1.7140;
copy "BP" to UNB.UNH.G22.LIN.PIA:C212_1.7143;
copy "1" to UNB.UNH.G22.LIN.PIA:4347;

/* IMD
 some fields can only be transferred in this version by changing the element name into _SequenceNumber*/
copy 200:ART_TEXT1 to UNB.UNH.G22.LIN.IMD:C273.7008_1;
copy 200:ART_TEXT2 to UNB.UNH.G22.LIN.IMD:C273.7008_2;
copy "F" to UNB.UNH.G22.LIN.IMD:7077;

/* QTY
 mid is necessary cause of downward compatibility to TLA (FNLZ reading)*/
copy left(200:LIEFERMENGE,7) to UNB.UNH.G22.LIN.QTY:C186.6060;
copy "46" to UNB.UNH.G22.LIN.QTY:C186.6063;
copy 200:MENGENEINHEIT1 to UNB.UNH.G22.LIN.QTY:C186.6411;

// mid is necessary cause of downward compatibility to TLA (FNLZ reading)
copy left(200:MENGE_BERECHNET,7) to UNB.UNH.G22.LIN.QTY:C186.6060;
copy "47" to UNB.UNH.G22.LIN.QTY:C186.6063;
copy 200:MENGENEINHEIT2 to UNB.UNH.G22.LIN.QTY:C186.6411;

/* MOA
 copy 200:POSBETRAG_NETTO to UNB.UNH.G22.LIN.G23.MOA:C516.5004;
 downward compatibility to TLA (FNLZ reading)*/
Decimal1$ = mid(200:POSBETRAG_NETTO,10,1); // 1st decimal
Decimal2$ = mid(200:POSBETRAG_NETTO,11,1);
if Decimal2$ = "0"
   if Decimal1$ = "0"
      DecimalAll$ = "";
   else
      DecimalAll$ = "." &amp; Decimal1$;
   endif
else
   DecimalAll$ = "." &amp; Decimal1$ &amp; Decimal2$;
endif
copy left(200:POSBETRAG_NETTO,9) &amp; DecimalAll$ to UNB.UNH.G22.LIN.G23.MOA:C516.5004;
copy "203" to UNB.UNH.G22.LIN.G23.MOA:C516.5025;

//copy 200:POSBETRAG_BRUTT to UNB.UNH.G22.LIN.G23.MOA:C516.5004;
Decimal1$ = mid(200:POSBETRAG_BRUTT,10,1); // 1st decimal
Decimal2$ = mid(200:POSBETRAG_BRUTT,11,1);
if Decimal2$ = "0"
   if Decimal1$ = "0"
      DecimalAll$ = "";
   else
      DecimalAll$ = "." &amp; Decimal1$;
   endif
else
   DecimalAll$ = "." &amp; Decimal1$ &amp; Decimal2$;
endif
copy left(200:POSBETRAG_BRUTT,9) &amp; DecimalAll$ to UNB.UNH.G22.LIN.G23.MOA:C516.5004;
copy "66" to UNB.UNH.G22.LIN.G23.MOA:C516.5025;

/* PRI
copy 200:BRUTTOPREIS to UNB.UNH.G22.LIN.G25.PRI:C509.5118;*/
Decimal1$ = mid(200:BRUTTOPREIS,8,1); // 1st decimal
Decimal2$ = mid(200:BRUTTOPREIS,9,1);
if Decimal2$ = "0"
   if Decimal1$ = "0"
      DecimalAll$ = "";
   else
      DecimalAll$ = "." &amp; Decimal1$;
   endif
else
   DecimalAll$ = "." &amp; Decimal1$ &amp; Decimal2$;
endif
copy left(200:BRUTTOPREIS,7) &amp; DecimalAll$ to UNB.UNH.G22.LIN.G25.PRI:C509.5118;
copy "CA" to UNB.UNH.G22.LIN.G25.PRI:C509.5375;
copy "AAA" to UNB.UNH.G22.LIN.G25.PRI:C509.5125;
copy 200:PREISBASIS to UNB.UNH.G22.LIN.G25.PRI:C509.5284;
copy 200:MENGENEINHEIT1 to UNB.UNH.G22.LIN.G25.PRI:C509.6411;

//copy 200:NETTOPREIS to UNB.UNH.G22.LIN.G25.PRI:C509.5118;
Decimal1$ = mid(200:NETTOPREIS,8,1); // 1st decimal
Decimal2$ = mid(200:NETTOPREIS,9,1);
if Decimal2$ = "0"
   if Decimal1$ = "0"
      DecimalAll$ = "";
   else
      DecimalAll$ = "." &amp; Decimal1$;
   endif
else
   DecimalAll$ = "." &amp; Decimal1$ &amp; Decimal2$;
endif
copy left(200:NETTOPREIS,7) &amp; DecimalAll$ to UNB.UNH.G22.LIN.G25.PRI:C509.5118;
copy "CT" to UNB.UNH.G22.LIN.G25.PRI:C509.5375;
copy "AAA" to UNB.UNH.G22.LIN.G25.PRI:C509.5125;
copy 200:PREISBASIS to UNB.UNH.G22.LIN.G25.PRI:C509.5284;
copy 200:MENGENEINHEIT2 to UNB.UNH.G22.LIN.G25.PRI:C509.6411;

// RFF
copy 200:WARENGRUPPE_GES to UNB.UNH.G22.LIN.G26.RFF:C506.1154;
copy "CR" to UNB.UNH.G22.LIN.G26.RFF:C506.1153;

// store values for use in next programs
copy 200:STEUERSATZ to Steuersatz%;
copy 200:STEUERBETRAG to Steuerbetrag%;</text>
   </recordMapping>
   <recordMapping>
    <fullname>200#1.210#1</fullname>
    <text>// second PAC (below LIN)
copy 200.210:ANZAHL_PACKST to UNB.UNH.G22.LIN.G27.PAC:7224;
copy 200.210:VERPACK_ART to UNB.UNH.G22.LIN.G27.PAC:C202.7065;
copy 200.210:VERPACKUNG_TEXT to UNB.UNH.G22.LIN.G27.PAC:C202.7064;

if 200.210:LANGE &lt;&gt; 0
   copy "PD" to UNB.UNH.G22.LIN.G27.PAC.MEA:6311;
   copy 200.210:LANGE to UNB.UNH.G22.LIN.G27.PAC.MEA:C174.6314;
   copy "LN" to UNB.UNH.G22.LIN.G27.PAC.MEA:C502.6313;
   copy 200.210:ME_MASSE to UNB.UNH.G22.LIN.G27.PAC.MEA:C174.6411;
endif

if 200.210:BREITE &lt;&gt; 0
   copy "PD" to UNB.UNH.G22.LIN.G27.PAC.MEA:6311;
   copy 200.210:BREITE to UNB.UNH.G22.LIN.G27.PAC.MEA:C174.6314;
   copy "WD" to UNB.UNH.G22.LIN.G27.PAC.MEA:C502.6313;
   copy 200.210:ME_MASSE to UNB.UNH.G22.LIN.G27.PAC.MEA:C174.6411;
endif

if 200.210:HOHE &lt;&gt; 0
   copy "PD" to UNB.UNH.G22.LIN.G27.PAC.MEA:6311;
   copy 200.210:HOHE to UNB.UNH.G22.LIN.G27.PAC.MEA:C174.6314;
   copy "HT" to UNB.UNH.G22.LIN.G27.PAC.MEA:C502.6313;
   copy 200.210:ME_MASSE to UNB.UNH.G22.LIN.G27.PAC.MEA:C174.6411;
endif

if 200.210:BRUTTO_GEW &lt;&gt; 0
   copy "PD" to UNB.UNH.G22.LIN.G27.PAC.MEA:6311;
   copy 200.210:BRUTTO_GEW to UNB.UNH.G22.LIN.G27.PAC.MEA:C174.6314;
   copy "AAA" to UNB.UNH.G22.LIN.G27.PAC.MEA:C502.6313;
   copy 200.210:ME_GEWICHT to UNB.UNH.G22.LIN.G27.PAC.MEA:C174.6411;
endif

if 200.210:NETTO_GEW &lt;&gt; 0
   copy "PD" to UNB.UNH.G22.LIN.G27.PAC.MEA:6311;
   copy 200.210:NETTO_GEW to UNB.UNH.G22.LIN.G27.PAC.MEA:C174.6314;
   copy "AAF" to UNB.UNH.G22.LIN.G27.PAC.MEA:C502.6313;
   copy 200.210:ME_GEWICHT to UNB.UNH.G22.LIN.G27.PAC.MEA:C174.6411;
endif

copy Steuersatz% to UNB.UNH.G22.LIN.G30.TAX:C243.5279;
copy "VAT" to UNB.UNH.G22.LIN.G30.TAX:C241.5153;
copy "7" to UNB.UNH.G22.LIN.G30.TAX:5283;

// loop for ALC, PCD and MOA
for kkk% = 1 to 5

   if trim(200.210:group[kkk%].ZU_AB_KZ) &lt;&gt;""
//       ALC
      copy 200.210:group[kkk%].ZU_AB_KZ to UNB.UNH.G22.LIN.G35.ALC:5463;
//      copy "Y" to UNB.UNH.G22.LIN.G35.ALC:5463;
      copy 200.210:group[kkk%].ZU_AB_ART to UNB.UNH.G22.LIN.G35.ALC:C214.7161;

/*       PCD
       here we have to imitate the wrong TLA mapping code - therefor "1"*/
      PreDecimals$ = left(200.210:group[1].ZU_AB_PROZENT,2);
      if PreDecimals$ = "00" PreDecimals$ = "0"; endif
      copy PreDecimals$ &amp; "." &amp; mid(200.210:group[1].ZU_AB_PROZENT,3) to UNB.UNH.G22.LIN.G35.ALC.G37.PCD:C501.5482;
      if 200.210:group[kkk%].ZU_AB_KZ = "A"
         copy "1" to UNB.UNH.G22.LIN.G35.ALC.G37.PCD:C501.5245;
      endif
      if 200.210:group[kkk%].ZU_AB_KZ = "C"
         copy "2" to UNB.UNH.G22.LIN.G35.ALC.G37.PCD:C501.5245;
      endif
   endif

//    MOA
   if 200.210:group[kkk%].ZU_AB_BETRAG &lt;&gt; 0
      copy 200.210:group[kkk%].ZU_AB_BETRAG to UNB.UNH.G22.LIN.G35.ALC.G38.MOA:C516.5004;
      if 200.210:group[kkk%].ZU_AB_KZ = "A"
         copy "204" to UNB.UNH.G22.LIN.G35.ALC.G38.MOA:C516.5025;
      endif
      if 200.210:group[kkk%].ZU_AB_KZ = "C"
         copy "23" to UNB.UNH.G22.LIN.G35.ALC.G38.MOA:C516.5025;
      endif
   endif
next

// MOA for TAX - MOA is above in the structure
copy "124" to UNB.UNH.G22.LIN.G30.TAX.MOA:C516.5025;
copy Steuerbetrag% to UNB.UNH.G22.LIN.G30.TAX.MOA:C516.5004;

/* FTX
 some fields can only be transferred in this version by changing the element name into _SequenceNumber*/
copy 200.210:ARTIKELTEXT3 to UNB.UNH.G22.LIN.FTX:C108.4440_1;
copy 200.210:ARTIKELTEXT4 to UNB.UNH.G22.LIN.FTX:C108.4440_2;
copy "ZZZ" to UNB.UNH.G22.LIN.FTX:4451;</text>
   </recordMapping>
   <recordMapping>
    <fullname>300#1</fullname>
    <text>// CNT
copy 300:ABSTIMMSUMME to UNB.UNH.CNT:C270.6066;
copy "2" to UNB.UNH.CNT:C270.6069;

// MOA
Decimal1$ = mid(300:GESAMTBETRAG,10,1); // 1st decimal
Decimal2$ = mid(300:GESAMTBETRAG,11,1);
if Decimal2$ = "0"
   if Decimal1$ = "0"
      DecimalAll$ = "";
   else
      DecimalAll$ = "." &amp; Decimal1$;
   endif
else
   DecimalAll$ = "." &amp; Decimal1$ &amp; Decimal2$;
endif
copy left(300:GESAMTBETRAG,9) &amp; DecimalAll$ to UNB.UNH.G45.MOA:C516.5004;
//copy 300:GESAMTBETRAG to UNB.UNH.G45.MOA:C516.5004;
copy "86" to UNB.UNH.G45.MOA:C516.5025;

Decimal1$ = mid(300:NETTOWARENWERT,10,1); // 1st decimal
Decimal2$ = mid(300:NETTOWARENWERT,11,1);
if Decimal2$ = "0"
   if Decimal1$ = "0"
      DecimalAll$ = "";
   else
      DecimalAll$ = "." &amp; Decimal1$;
   endif
else
   DecimalAll$ = "." &amp; Decimal1$ &amp; Decimal2$;
endif
copy left(300:NETTOWARENWERT,9) &amp; DecimalAll$ to UNB.UNH.G45.MOA:C516.5004;
//copy 300:NETTOWARENWERT to UNB.UNH.G45.MOA:C516.5004;
copy "79" to UNB.UNH.G45.MOA:C516.5025;

Decimal1$ = mid(300:SKONTOFAHIG,10,1); // 1st decimal
Decimal2$ = mid(300:SKONTOFAHIG,11,1);
if Decimal2$ = "0"
   if Decimal1$ = "0"
      DecimalAll$ = "";
   else
      DecimalAll$ = "." &amp; Decimal1$;
   endif
else
   DecimalAll$ = "." &amp; Decimal1$ &amp; Decimal2$;
endif
copy left(300:SKONTOFAHIG,9) &amp; DecimalAll$ to UNB.UNH.G45.MOA:C516.5004;
//copy 300:SKONTOFAHIG to UNB.UNH.G45.MOA:C516.5004;
copy "129" to UNB.UNH.G45.MOA:C516.5025;

Decimal1$ = mid(300:STEUERPFL_BET,10,1); // 1st decimal
Decimal2$ = mid(300:STEUERPFL_BET,11,1);
if Decimal2$ = "0"
   if Decimal1$ = "0"
      DecimalAll$ = "";
   else
      DecimalAll$ = "." &amp; Decimal1$;
   endif
else
   DecimalAll$ = "." &amp; Decimal1$ &amp; Decimal2$;
endif
copy left(300:STEUERPFL_BET,9) &amp; DecimalAll$ to UNB.UNH.G45.MOA:C516.5004;
//copy 300:STEUERPFL_BET to UNB.UNH.G45.MOA:C516.5004;
copy "125" to UNB.UNH.G45.MOA:C516.5025;

Decimal1$ = mid(300:SUMME_ZU_AB,10,1); // 1st decimal
Decimal2$ = mid(300:SUMME_ZU_AB,11,1);
if Decimal2$ = "0"
   if Decimal1$ = "0"
      DecimalAll$ = "";
   else
      DecimalAll$ = "." &amp; Decimal1$;
   endif
else
   DecimalAll$ = "." &amp; Decimal1$ &amp; Decimal2$;
endif
copy left(300:SUMME_ZU_AB,9) &amp; DecimalAll$ to UNB.UNH.G45.MOA:C516.5004;
//copy 300:SUMME_ZU_AB to UNB.UNH.G45.MOA:C516.5004;
copy "131" to UNB.UNH.G45.MOA:C516.5025;

Decimal1$ = mid(300:MWST_BETRAG,10,1); // 1st decimal
Decimal2$ = mid(300:MWST_BETRAG,11,1);
if Decimal2$ = "0"
   if Decimal1$ = "0"
      DecimalAll$ = "";
   else
      DecimalAll$ = "." &amp; Decimal1$;
   endif
else
   DecimalAll$ = "." &amp; Decimal1$ &amp; Decimal2$;
endif
copy left(300:MWST_BETRAG,9) &amp; DecimalAll$ to UNB.UNH.G45.MOA:C516.5004;
//copy 300:MWST_BETRAG to UNB.UNH.G45.MOA:C516.5004;
copy "176" to UNB.UNH.G45.MOA:C516.5025;

/* TAX
copy 300:STEUERSATZ to UNB.UNH.G47.TAX:C243.5279;*/
copy left(300:STEUERSATZ,2) to UNB.UNH.G47.TAX:C243.5279;
copy "7" to UNB.UNH.G47.TAX:5283;
copy "VAT" to UNB.UNH.G47.TAX:C241.5153;
copy "S" to UNB.UNH.G47.TAX:5305;

// MOA
Decimal1$ = mid(300:STEUERBETRAG,10,1); // 1st decimal
Decimal2$ = mid(300:STEUERBETRAG,11,1);
if Decimal2$ = "0"
   if Decimal1$ = "0"
      DecimalAll$ = "";
   else
      DecimalAll$ = "." &amp; Decimal1$;
   endif
else
   DecimalAll$ = "." &amp; Decimal1$ &amp; Decimal2$;
endif
copy left(300:STEUERBETRAG,9) &amp; DecimalAll$ to UNB.UNH.G47.TAX.MOA:C516.5004;
//copy 300:STEUERBETRAG to UNB.UNH.G47.TAX.MOA:C516.5004;
copy "176" to UNB.UNH.G47.TAX.MOA:C516.5025;

// ALC and MOA
for kkk% = 1 to 1 //5
   if trim(300:group[kkk%].ZU_AB_KZ) &lt;&gt; ""
      copy 300:group[kkk%].ZU_AB_KZ to UNB.UNH.G48.ALC:5463;
      copy 300:group[kkk%].ZU_AB_ART to UNB.UNH.G48.ALC:C214.7161;

      copy 300:group[kkk%].ZU_AB_BETRAG to UNB.UNH.G48.ALC.MOA:C516.5004;
      copy "8" to UNB.UNH.G48.ALC.MOA:C516.5025;
   endif
next</text>
   </recordMapping>
  </sourceMessage>
 </sourceMessages>
 <destinationMessages>
  <destinationMessage kind="4">
   <name>INVOIC_UN_D93A</name>
  </destinationMessage>
 </destinationMessages>
</mapping>
