<?xml version="1.0" encoding="UTF-8"?>
<message version="6.0">
 <name>RG_BAUSTOFF</name>
 <kind>3</kind>
 <record>
  <name>100</name>
  <min>1</min>
  <max>1</max>
  <option>1</option>
  <field>
   <name>SATZART</name>
   <min>1</min>
   <max>1</max>
   <type>12</type>
   <minLength>3</minLength>
   <maxLength>3</maxLength>
   <option>1</option>
   <format> </format>
   <value>100</value>
  </field>
  <field>
   <name>RG_TYP</name>
   <min>1</min>
   <max>1</max>
   <type>2</type>
   <minLength>3</minLength>
   <maxLength>3</maxLength>
   <option>1</option>
   <format> </format>
   <value>   </value>
  </field>
  <field>
   <name>RG_NUMMER</name>
   <min>1</min>
   <max>1</max>
   <type>2</type>
   <minLength>17</minLength>
   <maxLength>17</maxLength>
   <option>1</option>
   <format> </format>
   <value>                 </value>
  </field>
  <field>
   <name>RG_DATUM</name>
   <min>1</min>
   <max>1</max>
   <type>2</type>
   <minLength>8</minLength>
   <maxLength>8</maxLength>
   <option>1</option>
   <format> </format>
   <value>        </value>
  </field>
  <field>
   <name>LIEFER_DATUM</name>
   <min>0</min>
   <max>1</max>
   <type>2</type>
   <minLength>8</minLength>
   <maxLength>8</maxLength>
   <option>0</option>
   <format> </format>
   <value>        </value>
  </field>
  <field>
   <name>LIEFERSCHEIN_NR</name>
   <min>0</min>
   <max>1</max>
   <type>2</type>
   <minLength>17</minLength>
   <maxLength>17</maxLength>
   <option>0</option>
   <format> </format>
   <value>                 </value>
  </field>
  <field>
   <name>LS_DATUM</name>
   <min>0</min>
   <max>1</max>
   <type>2</type>
   <minLength>8</minLength>
   <maxLength>8</maxLength>
   <option>0</option>
   <format> </format>
   <value>        </value>
  </field>
  <field>
   <name>BESTELL_NR</name>
   <min>0</min>
   <max>1</max>
   <type>2</type>
   <minLength>17</minLength>
   <maxLength>17</maxLength>
   <option>0</option>
   <format> </format>
   <value>                 </value>
  </field>
  <field>
   <name>BESTELL_DATUM</name>
   <min>0</min>
   <max>1</max>
   <type>2</type>
   <minLength>8</minLength>
   <maxLength>8</maxLength>
   <option>0</option>
   <format> </format>
   <value>        </value>
  </field>
  <field>
   <name>AUFTRAGS_NR</name>
   <min>0</min>
   <max>1</max>
   <type>2</type>
   <minLength>17</minLength>
   <maxLength>17</maxLength>
   <option>0</option>
   <format> </format>
   <value>                 </value>
  </field>
  <field>
   <name>AUFTRAGS_DATUM</name>
   <min>0</min>
   <max>1</max>
   <type>2</type>
   <minLength>8</minLength>
   <maxLength>8</maxLength>
   <option>0</option>
   <format> </format>
   <value>        </value>
  </field>
  <field>
   <name>BBN_ABSENDER</name>
   <min>1</min>
   <max>1</max>
   <type>3</type>
   <minLength>13</minLength>
   <maxLength>13</maxLength>
   <option>1</option>
   <format> </format>
   <value>0000000000000</value>
  </field>
  <field>
   <name>BBN_REMPF</name>
   <min>1</min>
   <max>1</max>
   <type>3</type>
   <minLength>13</minLength>
   <maxLength>13</maxLength>
   <option>1</option>
   <format> </format>
   <value>0000000000000</value>
  </field>
  <field>
   <name>BBN_KAUFER</name>
   <min>1</min>
   <max>1</max>
   <type>3</type>
   <minLength>13</minLength>
   <maxLength>13</maxLength>
   <option>1</option>
   <format> </format>
   <value>0000000000000</value>
  </field>
  <field>
   <name>KUNDEN_NR</name>
   <min>0</min>
   <max>1</max>
   <type>2</type>
   <minLength>17</minLength>
   <maxLength>17</maxLength>
   <option>0</option>
   <format> </format>
   <value>                 </value>
  </field>
  <field>
   <name>STEUERSATZ</name>
   <min>1</min>
   <max>1</max>
   <type>3</type>
   <minLength>5</minLength>
   <maxLength>5</maxLength>
   <option>1</option>
   <format> </format>
   <value>00000</value>
  </field>
  <field>
   <name>WAHRUNG</name>
   <min>1</min>
   <max>1</max>
   <type>2</type>
   <minLength>3</minLength>
   <maxLength>3</maxLength>
   <option>1</option>
   <format> </format>
   <value>   </value>
  </field>
  <field>
   <name>SKONTOTAGE</name>
   <min>0</min>
   <max>1</max>
   <type>3</type>
   <minLength>3</minLength>
   <maxLength>3</maxLength>
   <option>0</option>
   <format> </format>
   <value>   </value>
  </field>
  <field>
   <name>SKONTO_DATUM</name>
   <min>0</min>
   <max>1</max>
   <type>2</type>
   <minLength>8</minLength>
   <maxLength>8</maxLength>
   <option>0</option>
   <format> </format>
   <value>        </value>
  </field>
  <field>
   <name>SKONTO_PROZENT</name>
   <min>0</min>
   <max>1</max>
   <type>3</type>
   <minLength>5</minLength>
   <maxLength>5</maxLength>
   <option>0</option>
   <format> </format>
   <value>     </value>
  </field>
  <field>
   <name>NETTO_DATUM</name>
   <min>0</min>
   <max>1</max>
   <type>2</type>
   <minLength>8</minLength>
   <maxLength>8</maxLength>
   <option>0</option>
   <format> </format>
   <value>        </value>
  </field>
  <field>
   <name>VALUTA_TAGE</name>
   <min>0</min>
   <max>1</max>
   <type>3</type>
   <minLength>3</minLength>
   <maxLength>3</maxLength>
   <option>0</option>
   <format> </format>
   <value>   </value>
  </field>
  <field>
   <name>VALUTA_DATUM</name>
   <min>0</min>
   <max>1</max>
   <type>2</type>
   <minLength>8</minLength>
   <maxLength>8</maxLength>
   <option>0</option>
   <format> </format>
   <value>        </value>
  </field>
  <field>
   <name>FILLER</name>
   <min>0</min>
   <max>1</max>
   <type>2</type>
   <minLength>37</minLength>
   <maxLength>37</maxLength>
   <option>0</option>
   <format> </format>
   <value>                                     </value>
  </field>
  <field>
   <name>CRLF</name>
   <min>1</min>
   <max>1</max>
   <type>9</type>
   <minLength>2</minLength>
   <maxLength>2</maxLength>
   <option>1</option>
   <format> </format>
   <value>0D0A</value>
  </field>
 </record>
 <record>
  <name>110</name>
  <min>0</min>
  <max>1</max>
  <option>0</option>
  <field>
   <name>SATZART</name>
   <min>1</min>
   <max>1</max>
   <type>12</type>
   <minLength>3</minLength>
   <maxLength>3</maxLength>
   <option>1</option>
   <format> </format>
   <value>110</value>
  </field>
  <field>
   <name>LIEFERNAME1</name>
   <min>0</min>
   <max>1</max>
   <type>2</type>
   <minLength>30</minLength>
   <maxLength>30</maxLength>
   <option>0</option>
   <format> </format>
   <value>                              </value>
  </field>
  <field>
   <name>LIEFERNAME2</name>
   <min>0</min>
   <max>1</max>
   <type>2</type>
   <minLength>30</minLength>
   <maxLength>30</maxLength>
   <option>0</option>
   <format> </format>
   <value>                              </value>
  </field>
  <field>
   <name>POSTFACH</name>
   <min>0</min>
   <max>1</max>
   <type>2</type>
   <minLength>9</minLength>
   <maxLength>9</maxLength>
   <option>0</option>
   <format> </format>
   <value>         </value>
  </field>
  <field>
   <name>STRASSE</name>
   <min>0</min>
   <max>1</max>
   <type>2</type>
   <minLength>30</minLength>
   <maxLength>30</maxLength>
   <option>0</option>
   <format> </format>
   <value>                              </value>
  </field>
  <field>
   <name>ORT</name>
   <min>0</min>
   <max>1</max>
   <type>2</type>
   <minLength>30</minLength>
   <maxLength>30</maxLength>
   <option>0</option>
   <format> </format>
   <value>                              </value>
  </field>
  <field>
   <name>PLZ</name>
   <min>0</min>
   <max>1</max>
   <type>2</type>
   <minLength>9</minLength>
   <maxLength>9</maxLength>
   <option>0</option>
   <format> </format>
   <value>         </value>
  </field>
  <field>
   <name>LIEFERANT_LAGER</name>
   <min>0</min>
   <max>1</max>
   <type>2</type>
   <minLength>30</minLength>
   <maxLength>30</maxLength>
   <option>0</option>
   <format> </format>
   <value>                              </value>
  </field>
  <field>
   <name>TRANSPORTART</name>
   <min>0</min>
   <max>1</max>
   <type>2</type>
   <minLength>3</minLength>
   <maxLength>3</maxLength>
   <option>0</option>
   <format> </format>
   <value>   </value>
  </field>
  <field>
   <name>TRANSPORTMITTEL</name>
   <min>0</min>
   <max>1</max>
   <type>2</type>
   <minLength>3</minLength>
   <maxLength>3</maxLength>
   <option>0</option>
   <format> </format>
   <value>   </value>
  </field>
  <field>
   <name>FRACHTFUHRER</name>
   <min>0</min>
   <max>1</max>
   <type>2</type>
   <minLength>17</minLength>
   <maxLength>17</maxLength>
   <option>0</option>
   <format> </format>
   <value>                 </value>
  </field>
  <field>
   <name>FILLER</name>
   <min>0</min>
   <max>1</max>
   <type>2</type>
   <minLength>56</minLength>
   <maxLength>56</maxLength>
   <option>0</option>
   <format> </format>
   <value>                                                        </value>
  </field>
  <field>
   <name>CRLF</name>
   <min>0</min>
   <max>1</max>
   <type>9</type>
   <minLength>2</minLength>
   <maxLength>2</maxLength>
   <option>0</option>
   <format> </format>
   <value>0D0A</value>
  </field>
 </record>
 <record>
  <name>200</name>
  <min>1</min>
  <max>999999999</max>
  <option>1</option>
  <field>
   <name>SATZART</name>
   <min>1</min>
   <max>1</max>
   <type>12</type>
   <minLength>3</minLength>
   <maxLength>3</maxLength>
   <option>1</option>
   <format> </format>
   <value>200</value>
  </field>
  <field>
   <name>POS_NR</name>
   <min>0</min>
   <max>1</max>
   <type>3</type>
   <minLength>5</minLength>
   <maxLength>5</maxLength>
   <option>0</option>
   <format> </format>
   <value>     </value>
  </field>
  <field>
   <name>EAN_NR</name>
   <min>0</min>
   <max>1</max>
   <type>3</type>
   <minLength>13</minLength>
   <maxLength>13</maxLength>
   <option>0</option>
   <format> </format>
   <value>             </value>
  </field>
  <field>
   <name>ART_NR_LIEF</name>
   <min>0</min>
   <max>1</max>
   <type>2</type>
   <minLength>20</minLength>
   <maxLength>20</maxLength>
   <option>0</option>
   <format> </format>
   <value>                    </value>
  </field>
  <field>
   <name>ART_NR_KAUFER</name>
   <min>0</min>
   <max>1</max>
   <type>2</type>
   <minLength>20</minLength>
   <maxLength>20</maxLength>
   <option>0</option>
   <format> </format>
   <value>                    </value>
  </field>
  <field>
   <name>ART_TEXT1</name>
   <min>0</min>
   <max>1</max>
   <type>2</type>
   <minLength>30</minLength>
   <maxLength>30</maxLength>
   <option>0</option>
   <format> </format>
   <value>                              </value>
  </field>
  <field>
   <name>ART_TEXT2</name>
   <min>0</min>
   <max>1</max>
   <type>2</type>
   <minLength>30</minLength>
   <maxLength>30</maxLength>
   <option>0</option>
   <format> </format>
   <value>                              </value>
  </field>
  <field>
   <name>LIEFERMENGE</name>
   <min>0</min>
   <max>1</max>
   <type>3</type>
   <minLength>9</minLength>
   <maxLength>9</maxLength>
   <option>0</option>
   <format> </format>
   <value>         </value>
  </field>
  <field>
   <name>MENGENEINHEIT1</name>
   <min>0</min>
   <max>1</max>
   <type>2</type>
   <minLength>3</minLength>
   <maxLength>3</maxLength>
   <option>0</option>
   <format> </format>
   <value>   </value>
  </field>
  <field>
   <name>MENGE_BERECHNET</name>
   <min>0</min>
   <max>1</max>
   <type>3</type>
   <minLength>9</minLength>
   <maxLength>9</maxLength>
   <option>0</option>
   <format> </format>
   <value>         </value>
  </field>
  <field>
   <name>MENGENEINHEIT2</name>
   <min>0</min>
   <max>1</max>
   <type>2</type>
   <minLength>3</minLength>
   <maxLength>3</maxLength>
   <option>0</option>
   <format> </format>
   <value>   </value>
  </field>
  <field>
   <name>BRUTTOPREIS</name>
   <min>0</min>
   <max>1</max>
   <type>3</type>
   <minLength>9</minLength>
   <maxLength>9</maxLength>
   <option>0</option>
   <format> </format>
   <value>         </value>
  </field>
  <field>
   <name>NETTOPREIS</name>
   <min>0</min>
   <max>1</max>
   <type>3</type>
   <minLength>9</minLength>
   <maxLength>9</maxLength>
   <option>0</option>
   <format> </format>
   <value>         </value>
  </field>
  <field>
   <name>PREISBASIS</name>
   <min>1</min>
   <max>1</max>
   <type>3</type>
   <minLength>1</minLength>
   <maxLength>1</maxLength>
   <option>1</option>
   <format> </format>
   <value>0</value>
  </field>
  <field>
   <name>WARENGRUPPE_GES</name>
   <min>0</min>
   <max>1</max>
   <type>2</type>
   <minLength>17</minLength>
   <maxLength>17</maxLength>
   <option>0</option>
   <format> </format>
   <value>                 </value>
  </field>
  <field>
   <name>WARENGRUPPE_LIE</name>
   <min>0</min>
   <max>1</max>
   <type>2</type>
   <minLength>17</minLength>
   <maxLength>17</maxLength>
   <option>0</option>
   <format> </format>
   <value>                 </value>
  </field>
  <field>
   <name>POSBETRAG_NETTO</name>
   <min>0</min>
   <max>1</max>
   <type>3</type>
   <minLength>11</minLength>
   <maxLength>11</maxLength>
   <option>0</option>
   <format> </format>
   <value>           </value>
  </field>
  <field>
   <name>POSBETRAG_BRUTT</name>
   <min>0</min>
   <max>1</max>
   <type>3</type>
   <minLength>11</minLength>
   <maxLength>11</maxLength>
   <option>0</option>
   <format> </format>
   <value>           </value>
  </field>
  <field>
   <name>STEUERSATZ</name>
   <min>0</min>
   <max>1</max>
   <type>3</type>
   <minLength>5</minLength>
   <maxLength>5</maxLength>
   <option>0</option>
   <format> </format>
   <value>     </value>
  </field>
  <field>
   <name>STEUERBETRAG</name>
   <min>0</min>
   <max>1</max>
   <type>3</type>
   <minLength>9</minLength>
   <maxLength>9</maxLength>
   <option>0</option>
   <format> </format>
   <value>         </value>
  </field>
  <field>
   <name>FILLER</name>
   <min>0</min>
   <max>1</max>
   <type>2</type>
   <minLength>16</minLength>
   <maxLength>16</maxLength>
   <option>0</option>
   <format> </format>
   <value>                </value>
  </field>
  <field>
   <name>CRLF</name>
   <min>0</min>
   <max>1</max>
   <type>9</type>
   <minLength>2</minLength>
   <maxLength>2</maxLength>
   <option>0</option>
   <format> </format>
   <value>0D0A</value>
  </field>
  <record>
   <name>210</name>
   <min>0</min>
   <max>1</max>
   <option>0</option>
   <field>
    <name>SATZART</name>
    <min>1</min>
    <max>1</max>
    <type>12</type>
    <minLength>3</minLength>
    <maxLength>3</maxLength>
    <option>1</option>
    <format> </format>
    <value>210</value>
   </field>
   <field>
    <name>ARTIKELTEXT3</name>
    <min>0</min>
    <max>1</max>
    <type>2</type>
    <minLength>30</minLength>
    <maxLength>30</maxLength>
    <option>0</option>
    <format> </format>
    <value>                              </value>
   </field>
   <field>
    <name>ARTIKELTEXT4</name>
    <min>0</min>
    <max>1</max>
    <type>2</type>
    <minLength>30</minLength>
    <maxLength>30</maxLength>
    <option>0</option>
    <format> </format>
    <value>                              </value>
   </field>
   <field>
    <name>ANZAHL_PACKST</name>
    <min>0</min>
    <max>1</max>
    <type>3</type>
    <minLength>5</minLength>
    <maxLength>5</maxLength>
    <option>0</option>
    <format> </format>
    <value>     </value>
   </field>
   <field>
    <name>VERPACK_ART</name>
    <min>0</min>
    <max>1</max>
    <type>2</type>
    <minLength>3</minLength>
    <maxLength>3</maxLength>
    <option>0</option>
    <format> </format>
    <value>   </value>
   </field>
   <field>
    <name>VERPACKUNG_TEXT</name>
    <min>0</min>
    <max>1</max>
    <type>2</type>
    <minLength>22</minLength>
    <maxLength>22</maxLength>
    <option>0</option>
    <format> </format>
    <value>                      </value>
   </field>
   <field>
    <name>LANGE</name>
    <min>0</min>
    <max>1</max>
    <type>3</type>
    <minLength>9</minLength>
    <maxLength>9</maxLength>
    <option>0</option>
    <format> </format>
    <value>         </value>
   </field>
   <field>
    <name>BREITE</name>
    <min>0</min>
    <max>1</max>
    <type>3</type>
    <minLength>9</minLength>
    <maxLength>9</maxLength>
    <option>0</option>
    <format> </format>
    <value>         </value>
   </field>
   <field>
    <name>HOHE</name>
    <min>0</min>
    <max>1</max>
    <type>3</type>
    <minLength>9</minLength>
    <maxLength>9</maxLength>
    <option>0</option>
    <format> </format>
    <value>         </value>
   </field>
   <field>
    <name>ME_MASSE</name>
    <min>0</min>
    <max>1</max>
    <type>2</type>
    <minLength>3</minLength>
    <maxLength>3</maxLength>
    <option>0</option>
    <format> </format>
    <value>   </value>
   </field>
   <field>
    <name>BRUTTO_GEW</name>
    <min>0</min>
    <max>1</max>
    <type>3</type>
    <minLength>9</minLength>
    <maxLength>9</maxLength>
    <option>0</option>
    <format> </format>
    <value>         </value>
   </field>
   <field>
    <name>NETTO_GEW</name>
    <min>0</min>
    <max>1</max>
    <type>3</type>
    <minLength>9</minLength>
    <maxLength>9</maxLength>
    <option>0</option>
    <format> </format>
    <value>         </value>
   </field>
   <field>
    <name>ME_GEWICHT</name>
    <min>0</min>
    <max>1</max>
    <type>2</type>
    <minLength>3</minLength>
    <maxLength>3</maxLength>
    <option>0</option>
    <format> </format>
    <value>   </value>
   </field>
   <field>
    <name>GROUP</name>
    <min>0</min>
    <max>5</max>
    <type>16</type>
    <minLength>0</minLength>
    <maxLength>17</maxLength>
    <option>0</option>
    <format> </format>
    <field>
     <name>ZU_AB_KZ</name>
     <min>0</min>
     <max>1</max>
     <type>2</type>
     <minLength>1</minLength>
     <maxLength>1</maxLength>
     <option>0</option>
     <format> </format>
     <value> </value>
    </field>
    <field>
     <name>ZU_AB_ART</name>
     <min>0</min>
     <max>1</max>
     <type>2</type>
     <minLength>3</minLength>
     <maxLength>3</maxLength>
     <option>0</option>
     <format> </format>
     <value>   </value>
    </field>
    <field>
     <name>ZU_AB_PROZENT</name>
     <min>0</min>
     <max>1</max>
     <type>3</type>
     <minLength>4</minLength>
     <maxLength>4</maxLength>
     <option>0</option>
     <format> </format>
     <value>0000</value>
    </field>
    <field>
     <name>ZU_AB_BETRAG</name>
     <min>0</min>
     <max>1</max>
     <type>3</type>
     <minLength>9</minLength>
     <maxLength>9</maxLength>
     <option>0</option>
     <format> </format>
     <value>000000000</value>
    </field>
   </field>
   <field>
    <name>FILLER</name>
    <min>0</min>
    <max>1</max>
    <type>2</type>
    <minLength>21</minLength>
    <maxLength>21</maxLength>
    <option>0</option>
    <format> </format>
    <value>                     </value>
   </field>
   <field>
    <name>CRLF</name>
    <min>1</min>
    <max>1</max>
    <type>9</type>
    <minLength>2</minLength>
    <maxLength>2</maxLength>
    <option>1</option>
    <format> </format>
    <value>0D0A</value>
   </field>
  </record>
 </record>
 <record>
  <name>300</name>
  <min>1</min>
  <max>1</max>
  <option>1</option>
  <field>
   <name>SATZART</name>
   <min>1</min>
   <max>1</max>
   <type>12</type>
   <minLength>3</minLength>
   <maxLength>3</maxLength>
   <option>1</option>
   <format> </format>
   <value>300</value>
  </field>
  <field>
   <name>ABSTIMMSUMME</name>
   <min>0</min>
   <max>1</max>
   <type>3</type>
   <minLength>5</minLength>
   <maxLength>5</maxLength>
   <option>0</option>
   <format> </format>
   <value>     </value>
  </field>
  <field>
   <name>GESAMTBETRAG</name>
   <min>1</min>
   <max>1</max>
   <type>3</type>
   <minLength>11</minLength>
   <maxLength>11</maxLength>
   <option>1</option>
   <format> </format>
   <value>00000000000</value>
  </field>
  <field>
   <name>NETTOWARENWERT</name>
   <min>1</min>
   <max>1</max>
   <type>3</type>
   <minLength>11</minLength>
   <maxLength>11</maxLength>
   <option>1</option>
   <format> </format>
   <value>00000000000</value>
  </field>
  <field>
   <name>SKONTOFAHIG</name>
   <min>0</min>
   <max>1</max>
   <type>3</type>
   <minLength>11</minLength>
   <maxLength>11</maxLength>
   <option>0</option>
   <format> </format>
   <value>           </value>
  </field>
  <field>
   <name>STEUERPFL_BET</name>
   <min>0</min>
   <max>1</max>
   <type>3</type>
   <minLength>11</minLength>
   <maxLength>11</maxLength>
   <option>0</option>
   <format> </format>
   <value>           </value>
  </field>
  <field>
   <name>MWST_BETRAG</name>
   <min>1</min>
   <max>1</max>
   <type>3</type>
   <minLength>11</minLength>
   <maxLength>11</maxLength>
   <option>1</option>
   <format> </format>
   <value>00000000000</value>
  </field>
  <field>
   <name>SUMME_ZU_AB</name>
   <min>1</min>
   <max>1</max>
   <type>3</type>
   <minLength>11</minLength>
   <maxLength>11</maxLength>
   <option>1</option>
   <format> </format>
   <value>00000000000</value>
  </field>
  <field>
   <name>STEUERSATZ</name>
   <min>1</min>
   <max>1</max>
   <type>3</type>
   <minLength>4</minLength>
   <maxLength>4</maxLength>
   <option>1</option>
   <format> </format>
   <value>0000</value>
  </field>
  <field>
   <name>STEUERBETRAG</name>
   <min>1</min>
   <max>1</max>
   <type>3</type>
   <minLength>11</minLength>
   <maxLength>11</maxLength>
   <option>1</option>
   <format> </format>
   <value>00000000000</value>
  </field>
  <field>
   <name>GROUP</name>
   <min>0</min>
   <max>5</max>
   <type>16</type>
   <minLength>1</minLength>
   <maxLength>17</maxLength>
   <option>0</option>
   <format> </format>
   <field>
    <name>ZU_AB_KZ</name>
    <min>1</min>
    <max>1</max>
    <type>2</type>
    <minLength>1</minLength>
    <maxLength>1</maxLength>
    <option>1</option>
    <format> </format>
    <value> </value>
   </field>
   <field>
    <name>ZU_AB_ART</name>
    <min>0</min>
    <max>1</max>
    <type>2</type>
    <minLength>3</minLength>
    <maxLength>3</maxLength>
    <option>0</option>
    <format> </format>
    <value>   </value>
   </field>
   <field>
    <name>ZU_AB_PROZENT</name>
    <min>0</min>
    <max>1</max>
    <type>3</type>
    <minLength>4</minLength>
    <maxLength>4</maxLength>
    <option>0</option>
    <format> </format>
    <value>0000</value>
   </field>
   <field>
    <name>ZU_AB_BETRAG</name>
    <min>0</min>
    <max>1</max>
    <type>3</type>
    <minLength>9</minLength>
    <maxLength>9</maxLength>
    <option>0</option>
    <format> </format>
    <value>000000000</value>
   </field>
  </field>
  <field>
   <name>FILLER</name>
   <min>0</min>
   <max>1</max>
   <type>2</type>
   <minLength>76</minLength>
   <maxLength>76</maxLength>
   <option>0</option>
   <format> </format>
   <value>                                                                            </value>
  </field>
  <field>
   <name>CRLF</name>
   <min>0</min>
   <max>1</max>
   <type>9</type>
   <minLength>2</minLength>
   <maxLength>2</maxLength>
   <option>0</option>
   <format> </format>
   <value>0D0A</value>
  </field>
 </record>
</message>
